MCS,TotalCells,NonCycling,CycleG1,CycleS,CycleG2,CycleM
0,100,100,0,0,0,0
1,100,100,0,0,0,0
2,100,98,2,0,0,0
3,100,98,2,0,0,0
4,100,98,2,0,0,0
5,100,99,1,0,0,0
6,100,98,2,0,0,0
7,100,98,2,0,0,0
8,100,97,3,0,0,0
9,100,97,3,0,0,0
10,100,95,5,0,0,0
11,100,95,5,0,0,0
12,100,95,5,0,0,0
13,100,95,5,0,0,0
14,100,94,6,0,0,0
15,100,95,5,0,0,0
16,100,95,5,0,0,0
17,100,96,4,0,0,0
18,100,94,6,0,0,0
19,100,94,6,0,0,0
20,100,94,6,0,0,0
21,100,94,6,0,0,0
22,100,93,7,0,0,0
23,100,94,5,1,0,0
24,100,94,5,1,0,0
25,100,94,5,1,0,0
26,100,94,5,1,0,0
27,100,94,5,1,0,0
28,100,93,6,1,0,0
29,100,91,8,1,0,0
30,100,91,8,1,0,0
31,100,91,8,1,0,0
32,100,91,8,1,0,0
33,100,91,8,1,0,0
34,100,91,8,1,0,0
35,100,90,9,1,0,0
36,100,89,10,1,0,0
37,100,89,10,1,0,0
38,100,91,8,1,0,0
39,100,91,9,0,0,0
40,100,91,8,1,0,0
41,100,89,10,1,0,0
42,100,89,10,1,0,0
43,100,88,11,1,0,0
44,100,87,12,1,0,0
45,100,87,12,1,0,0
46,100,87,12,1,0,0
47,100,87,12,1,0,0
48,100,87,12,1,0,0
49,100,87,12,1,0,0
50,100,88,12,0,0,0
51,100,87,13,0,0,0
52,100,87,13,0,0,0
53,100,87,13,0,0,0
54,100,87,13,0,0,0
55,100,87,13,0,0,0
56,100,89,11,0,0,0
57,100,89,11,0,0,0
58,100,88,12,0,0,0
59,100,86,12,1,1,0
60,100,86,12,1,1,0
61,100,87,10,2,1,0
62,100,87,10,2,1,0
63,100,88,10,1,1,0
64,100,88,10,1,1,0
65,100,87,11,1,1,0
66,100,86,12,1,1,0
67,100,85,13,1,1,0
68,100,84,14,1,1,0
69,100,84,14,1,1,0
70,100,84,14,1,1,0
71,100,84,14,1,1,0
72,100,83,15,1,1,0
73,100,83,15,1,1,0
74,100,84,15,1,0,0
75,100,86,14,0,0,0
76,101,86,14,0,0,1
77,101,85,15,1,0,0
78,101,85,15,1,0,0
79,101,85,15,1,0,0
80,102,86,15,0,0,1
81,102,86,16,0,0,0
82,102,86,16,0,0,0
83,103,86,16,0,0,1
84,103,87,16,0,0,0
85,103,87,16,0,0,0
86,103,88,15,0,0,0
87,103,88,15,0,0,0
88,103,88,15,0,0,0
89,103,88,15,0,0,0
90,103,88,15,0,0,0
91,103,89,14,0,0,0
92,103,90,13,0,0,0
93,103,90,13,0,0,0
94,103,90,13,0,0,0
95,103,90,13,0,0,0
96,103,90,13,0,0,0
97,103,90,13,0,0,0
98,103,90,13,0,0,0
99,103,90,13,0,0,0
100,103,89,14,0,0,0
101,103,89,14,0,0,0
102,103,89,14,0,0,0
103,103,89,13,1,0,0
104,103,89,13,1,0,0
105,103,89,13,1,0,0
106,103,89,13,1,0,0
107,103,87,15,1,0,0
108,103,87,15,1,0,0
109,103,87,14,2,0,0
110,103,87,14,2,0,0
111,103,86,15,2,0,0
112,103,87,14,2,0,0
113,103,87,14,2,0,0
114,103,88,13,2,0,0
115,103,89,13,1,0,0
116,103,89,12,1,1,0
117,103,89,12,1,1,0
118,103,89,12,1,1,0
119,103,88,12,1,2,0
120,103,88,12,1,2,0
121,103,88,12,1,2,0
122,103,88,12,1,2,0
123,103,86,12,2,3,0
124,103,85,13,2,3,0
125,103,85,12,3,3,0
126,103,84,12,3,4,0
127,103,83,13,3,4,0
128,103,82,14,3,4,0
129,103,82,14,3,4,0
130,103,85,13,1,4,0
131,103,86,13,0,4,0
132,103,84,15,0,4,0
133,103,84,15,0,4,0
134,103,84,14,0,5,0
135,103,85,13,0,5,0
136,103,84,13,0,6,0
137,103,84,13,0,6,0
138,103,84,13,0,6,0
139,103,84,13,0,6,0
140,103,84,13,0,6,0
141,103,83,14,0,6,0
142,103,84,13,0,6,0
143,103,85,12,0,6,0
144,103,85,12,0,6,0
145,103,85,10,2,6,0
146,103,84,10,2,7,0
147,103,84,10,2,7,0
148,103,86,9,2,6,0
149,103,86,9,2,6,0
150,103,86,9,2,6,0
151,103,85,9,2,7,0
152,103,85,9,1,8,0
153,103,85,9,1,8,0
154,103,85,8,2,8,0
155,103,86,8,1,8,0
156,103,85,8,1,9,0
157,103,85,7,2,9,0
158,103,84,7,3,9,0
159,103,85,7,2,9,0
160,103,86,7,2,8,0
161,103,87,7,1,8,0
162,103,87,7,1,8,0
163,103,87,7,1,8,0
164,104,87,7,1,8,1
165,104,90,7,1,6,0
166,104,91,6,1,6,0
167,104,91,6,1,6,0
168,104,88,6,1,9,0
169,105,88,6,1,9,1
170,105,90,6,1,8,0
171,106,88,7,1,9,1
172,106,90,7,1,8,0
173,106,90,7,1,8,0
174,106,92,6,0,8,0
175,106,92,6,0,8,0
176,106,92,6,0,8,0
177,106,93,6,0,7,0
178,107,93,6,0,7,1
179,108,95,6,0,6,1
180,109,96,6,0,6,1
181,109,98,6,0,5,0
182,109,97,7,0,5,0
183,109,96,7,0,6,0
184,109,95,8,0,6,0
185,109,95,8,0,6,0
186,109,95,6,1,7,0
187,109,94,6,1,8,0
188,109,94,5,2,8,0
189,109,95,5,2,7,0
190,109,95,4,2,8,0
191,109,95,4,2,8,0
192,109,94,5,2,8,0
193,109,94,5,2,8,0
194,109,95,5,2,7,0
195,109,95,5,2,7,0
196,109,93,6,2,8,0
197,109,93,6,2,8,0
198,109,93,6,2,8,0
199,109,93,6,2,8,0
200,109,93,6,2,8,0
201,109,94,6,1,8,0
202,109,95,6,0,8,0
203,109,94,7,0,8,0
204,110,93,7,0,9,1
205,110,94,7,0,9,0
206,110,94,7,0,9,0
207,110,93,7,0,10,0
208,110,94,7,0,9,0
209,110,94,7,0,9,0
210,110,94,6,0,10,0
211,110,94,6,0,10,0
212,110,94,6,0,10,0
213,111,94,6,0,10,1
214,111,96,6,0,9,0
215,111,94,9,0,8,0
216,111,95,8,0,8,0
217,111,96,8,0,7,0
218,111,97,8,0,6,0
219,111,96,9,0,6,0
220,112,96,9,0,6,1
221,112,95,9,0,8,0
222,112,95,9,0,8,0
223,112,95,9,0,8,0
224,113,94,10,0,8,1
225,113,95,10,0,8,0
226,113,93,11,0,9,0
227,113,92,11,0,10,0
228,113,92,11,0,10,0
229,113,92,11,0,10,0
230,113,92,11,0,10,0
231,113,91,12,0,10,0
232,113,91,12,0,10,0
233,113,91,12,0,10,0
234,113,91,12,0,10,0
235,113,92,11,0,10,0
236,113,93,10,0,10,0
237,113,92,11,0,10,0
238,113,90,11,0,12,0
239,113,90,11,0,12,0
240,113,90,10,1,12,0
241,113,91,11,1,10,0
242,113,91,11,2,9,0
243,113,91,10,2,10,0
244,113,91,9,3,10,0
245,114,91,9,3,10,1
246,114,93,9,3,9,0
247,114,93,8,4,9,0
248,114,94,7,4,9,0
249,115,94,7,4,9,1
250,115,95,8,4,8,0
251,116,98,8,1,8,1
252,116,100,8,0,8,0
253,117,99,9,0,8,1
254,117,101,8,0,8,0
255,117,100,9,0,8,0
256,117,99,11,0,7,0
257,117,99,11,0,7,0
258,117,100,12,0,5,0
259,117,98,13,0,6,0
260,117,99,11,0,7,0
261,117,99,11,0,7,0
262,118,98,11,1,7,1
263,119,98,12,1,7,1
264,120,99,13,0,7,1
265,120,99,13,0,8,0
266,120,98,14,0,8,0
267,120,98,14,0,8,0
268,120,98,14,0,8,0
269,120,98,14,0,8,0
270,120,97,15,0,8,0
271,120,97,15,0,8,0
272,120,97,15,0,8,0
273,120,98,15,0,7,0
274,120,99,14,0,7,0
275,120,99,14,0,7,0
276,120,99,15,0,6,0
277,120,97,16,0,7,0
278,121,96,17,0,7,1
279,121,95,19,0,7,0
280,121,96,17,1,7,0
281,121,94,18,1,8,0
282,121,93,18,1,9,0
283,121,93,18,1,9,0
284,121,93,18,1,9,0
285,121,93,18,1,9,0
286,121,91,18,1,11,0
287,121,91,18,1,11,0
288,121,91,19,1,10,0
289,121,90,19,1,11,0
290,121,90,20,0,11,0
291,121,90,20,0,11,0
292,121,90,20,0,11,0
293,121,89,20,0,12,0
294,122,89,20,0,12,1
295,124,90,20,0,12,2
296,124,92,19,1,12,0
297,124,92,19,1,12,0
298,124,91,20,1,12,0
299,124,89,21,1,13,0
300,124,90,20,1,13,0
301,124,91,20,0,13,0
302,124,91,20,0,13,0
303,124,91,20,0,13,0
304,125,90,21,0,13,1
305,125,91,22,0,12,0
306,125,90,22,1,12,0
307,125,90,22,1,12,0
308,125,90,21,1,13,0
309,125,89,22,1,13,0
310,125,89,22,1,13,0
311,125,87,22,1,15,0
312,125,87,22,1,15,0
313,125,88,21,1,15,0
314,125,90,21,0,14,0
315,125,90,20,1,14,0
316,125,89,19,2,15,0
317,125,88,18,4,15,0
318,125,90,18,4,13,0
319,125,91,18,4,12,0
320,125,91,17,5,12,0
321,125,92,17,4,12,0
322,127,91,17,5,12,2
323,128,92,17,5,13,1
324,129,92,17,5,14,1
325,129,92,17,5,15,0
326,129,93,17,5,14,0
327,129,94,17,4,14,0
328,129,96,16,3,14,0
329,129,96,16,3,14,0
330,129,97,16,2,14,0
331,129,97,16,2,14,0
332,129,96,17,1,15,0
333,129,96,16,2,15,0
334,129,96,16,2,15,0
335,130,98,15,3,13,1
336,130,97,16,3,14,0
337,130,99,16,2,13,0
338,130,99,16,2,13,0
339,130,98,17,2,13,0
340,130,97,17,2,14,0
341,130,96,17,2,15,0
342,130,96,17,2,15,0
343,130,96,18,2,14,0
344,130,99,16,1,14,0
345,130,100,16,1,13,0
346,130,101,16,1,12,0
347,130,100,17,1,12,0
348,130,100,17,1,12,0
349,130,101,16,1,12,0
350,130,103,16,1,10,0
351,130,102,16,1,11,0
352,130,103,16,1,10,0
353,130,103,16,1,10,0
354,131,103,16,1,10,1
355,131,104,15,2,10,0
356,133,104,15,2,10,2
357,133,106,16,1,10,0
358,133,105,15,2,11,0
359,133,106,15,2,10,0
360,133,105,14,3,11,0
361,133,106,14,3,10,0
362,133,104,14,3,12,0
363,134,105,14,3,11,1
364,135,107,14,2,11,1
365,135,108,14,2,11,0
366,135,108,13,3,11,0
367,135,109,13,2,11,0
368,135,107,14,2,12,0
369,135,106,15,3,11,0
370,136,105,16,3,11,1
371,137,107,16,3,10,1
372,137,108,16,3,10,0
373,137,108,16,2,11,0
374,137,108,16,2,11,0
375,137,108,16,2,11,0
376,137,108,16,2,11,0
377,137,107,17,3,10,0
378,138,108,16,3,10,1
379,139,110,16,3,9,1
380,139,112,15,3,9,0
381,139,112,15,3,9,0
382,139,113,15,2,9,0
383,139,114,15,1,9,0
384,139,113,16,1,9,0
385,139,112,16,1,10,0
386,141,114,15,1,9,2
387,141,116,15,1,9,0
388,141,116,16,1,8,0
389,141,117,17,1,6,0
390,142,117,17,1,6,1
391,142,118,17,1,6,0
392,142,120,15,1,6,0
393,142,119,15,1,7,0
394,142,120,15,1,6,0
395,142,120,15,1,6,0
396,142,119,16,1,6,0
397,142,119,16,1,6,0
398,143,119,16,1,6,1
399,144,119,17,1,6,1
400,144,120,16,2,6,0
401,144,120,15,3,6,0
402,144,119,15,3,7,0
403,144,118,15,3,8,0
404,144,118,16,2,8,0
405,144,119,14,3,8,0
406,144,119,14,3,8,0
407,144,120,14,3,7,0
408,144,120,14,3,7,0
409,144,120,14,3,7,0
410,145,119,14,3,8,1
411,145,119,15,3,8,0
412,145,119,15,3,8,0
413,145,121,15,2,7,0
414,145,122,14,2,7,0
415,145,123,13,3,6,0
416,145,122,14,3,6,0
417,145,122,14,3,6,0
418,145,122,14,3,6,0
419,145,122,14,3,6,0
420,145,122,13,3,7,0
421,145,123,13,3,6,0
422,146,122,13,3,7,1
423,146,123,13,2,8,0
424,146,124,12,2,8,0
425,147,124,12,2,8,1
426,147,124,13,1,9,0
427,147,123,13,1,10,0
428,147,122,13,1,11,0
429,147,123,14,0,10,0
430,147,120,15,0,12,0
431,147,119,15,0,13,0
432,147,118,15,0,14,0
433,148,117,16,0,14,1
434,148,120,16,0,12,0
435,148,121,16,0,11,0
436,148,119,18,0,11,0
437,148,118,18,0,12,0
438,148,119,16,1,12,0
439,148,119,16,1,12,0
440,150,119,16,1,12,2
441,150,121,16,1,12,0
442,150,120,17,1,12,0
443,150,121,17,0,12,0
444,150,120,17,0,13,0
445,150,121,16,0,13,0
446,150,120,16,0,14,0
447,150,119,16,0,15,0
448,150,117,17,0,16,0
449,150,117,17,0,16,0
450,150,119,16,0,15,0
451,150,118,14,2,16,0
452,150,119,15,1,15,0
453,150,118,15,1,16,0
454,150,118,16,0,16,0
455,150,116,16,0,18,0
456,152,115,16,0,19,2
457,152,117,15,1,19,0
458,152,116,16,1,19,0
459,152,118,16,1,17,0
460,152,116,18,1,17,0
461,152,115,19,1,17,0
462,152,114,20,1,17,0
463,152,114,20,1,17,0
464,152,114,20,1,17,0
465,152,115,19,1,17,0
466,152,114,20,1,17,0
467,152,112,22,1,17,0
468,152,112,23,1,16,0
469,152,110,26,1,15,0
470,153,109,27,1,15,1
471,153,113,27,0,13,0
472,153,114,27,0,12,0
473,153,114,27,0,12,0
474,153,113,27,0,13,0
475,153,113,27,0,13,0
476,153,114,27,0,12,0
477,153,115,26,1,11,0
478,154,115,26,2,10,1
479,154,114,26,4,10,0
480,154,112,27,5,10,0
481,154,114,25,5,10,0
482,154,115,25,4,10,0
483,154,115,24,5,10,0
484,154,117,23,5,9,0
485,154,117,23,5,9,0
486,154,116,23,5,10,0
487,154,115,22,5,12,0
488,155,113,22,6,13,1
489,155,113,23,6,13,0
490,155,116,22,6,11,0
491,155,118,23,4,10,0
492,155,117,24,4,10,0
493,156,115,23,5,12,1
494,156,116,24,4,12,0
495,156,119,22,2,13,0
496,156,119,22,2,13,0
497,156,117,23,3,13,0
498,157,116,24,2,14,1
499,157,118,24,1,14,0
500,157,117,24,2,14,0
501,158,118,24,1,14,1
502,158,119,24,1,14,0
503,158,119,23,2,14,0
504,158,120,23,1,14,0
505,158,120,23,1,14,0
506,158,119,23,1,15,0
507,158,119,22,2,15,0
508,158,119,22,2,15,0
509,158,117,24,2,15,0
510,158,118,23,2,15,0
511,158,117,23,2,16,0
512,158,119,23,0,16,0
513,158,118,24,0,16,0
514,158,118,24,0,16,0
515,158,117,24,0,17,0
516,158,117,24,0,17,0
517,158,117,24,0,17,0
518,158,115,25,0,18,0
519,158,118,24,0,16,0
520,159,118,24,0,16,1
521,159,120,23,1,15,0
522,159,120,23,1,15,0
523,159,120,24,1,14,0
524,159,118,25,1,15,0
525,159,116,27,1,15,0
526,159,116,27,1,15,0
527,159,117,27,1,14,0
528,159,118,27,0,14,0
529,159,119,25,1,14,0
530,159,121,25,1,12,0
531,159,122,24,2,11,0
532,159,123,24,2,10,0
533,159,122,24,2,11,0
534,159,123,24,2,10,0
535,162,123,23,4,9,3
536,162,128,23,2,9,0
537,162,126,23,2,11,0
538,162,127,22,2,11,0
539,162,126,22,2,12,0
540,162,128,22,1,11,0
541,162,129,21,1,11,0
542,163,130,21,1,10,1
543,163,131,21,0,11,0
544,163,131,21,0,11,0
545,164,130,21,0,12,1
546,164,132,20,0,12,0
547,164,131,20,0,13,0
548,164,132,19,0,13,0
549,164,133,18,0,13,0
550,164,133,17,1,13,0
551,164,131,19,1,13,0
552,165,129,20,1,14,1
553,165,129,20,2,14,0
554,165,128,20,2,15,0
555,165,128,20,2,15,0
556,165,128,22,1,14,0
557,165,128,22,2,13,0
558,165,127,21,4,13,0
559,165,128,21,4,12,0
560,166,126,21,4,14,1
561,166,127,21,4,14,0
562,166,128,21,3,14,0
563,166,129,21,2,14,0
564,166,128,21,2,15,0
565,167,127,22,2,15,1
566,168,128,20,2,17,1
567,168,129,20,2,17,0
568,168,129,21,1,17,0
569,168,130,21,1,16,0
570,168,128,21,2,17,0
571,168,129,20,2,17,0
572,168,129,20,2,17,0
573,168,129,20,2,17,0
574,170,130,18,4,16,2
575,170,131,17,4,18,0
576,170,130,18,4,18,0
577,170,130,18,4,18,0
578,170,131,17,4,18,0
579,170,132,17,4,17,0
580,170,132,18,5,15,0
581,172,130,17,7,16,2
582,173,134,17,5,16,1
583,174,135,17,5,16,1
584,174,136,17,4,17,0
585,174,136,16,4,18,0
586,174,135,17,5,17,0
587,175,133,20,5,16,1
588,175,136,19,4,16,0
589,175,138,18,5,14,0
590,175,142,17,2,14,0
591,175,143,17,2,13,0
592,175,146,16,1,12,0
593,175,146,16,1,12,0
594,176,146,15,1,13,1
595,177,146,14,2,14,1
596,177,148,14,2,13,0
597,178,147,14,2,14,1
598,179,149,13,3,13,1
599,179,150,14,2,13,0
600,180,148,15,2,14,1
601,180,148,16,2,14,0
602,180,148,17,2,13,0
603,180,144,19,2,15,0
604,181,143,18,3,16,1
605,181,144,18,3,16,0
606,181,144,18,2,17,0
607,181,143,19,2,17,0
608,181,143,19,1,18,0
609,181,143,19,1,18,0
610,181,144,19,0,18,0
611,181,145,19,0,17,0
612,182,145,19,0,17,1
613,182,144,21,0,17,0
614,182,144,21,0,17,0
615,182,144,21,0,17,0
616,182,143,22,0,17,0
617,182,143,22,0,17,0
618,183,141,22,1,18,1
619,183,141,22,1,19,0
620,183,141,23,1,18,0
621,183,141,23,1,18,0
622,183,141,23,1,18,0
623,183,142,23,0,18,0
624,183,140,24,0,19,0
625,183,139,25,0,19,0
626,184,139,26,0,18,1
627,184,140,25,1,18,0
628,184,139,26,1,18,0
629,184,139,26,1,18,0
630,184,138,27,1,18,0
631,185,138,28,1,17,1
632,186,139,28,1,17,1
633,186,140,28,1,17,0
634,186,140,28,0,18,0
635,186,141,28,0,17,0
636,186,140,28,0,18,0
637,186,140,28,0,18,0
638,186,138,29,0,19,0
639,186,138,29,0,19,0
640,186,141,27,0,18,0
641,186,141,27,0,18,0
642,186,141,26,1,18,0
643,186,139,27,1,19,0
644,186,139,28,1,18,0
645,186,139,29,1,17,0
646,186,140,28,2,16,0
647,186,139,29,2,16,0
648,186,139,29,2,16,0
649,186,138,28,3,17,0
650,186,139,28,2,17,0
651,186,137,30,2,17,0
652,186,137,30,2,17,0
653,186,139,30,2,15,0
654,186,139,30,2,15,0
655,186,139,30,2,15,0
656,188,139,30,2,15,2
657,188,142,29,2,15,0
658,188,144,27,2,15,0
659,188,144,27,2,15,0
660,188,145,25,2,16,0
661,188,144,25,2,17,0
662,188,144,25,2,17,0
663,188,145,25,2,16,0
664,188,144,26,2,16,0
665,188,144,26,2,16,0
666,188,144,26,1,17,0
667,188,144,24,3,17,0
668,188,144,24,2,18,0
669,188,143,24,2,19,0
670,188,143,24,1,20,0
671,188,142,24,1,21,0
672,188,143,22,2,21,0
673,188,142,23,2,21,0
674,188,142,23,2,21,0
675,189,143,24,2,19,1
676,189,143,24,3,19,0
677,189,142,24,3,20,0
678,189,143,24,2,20,0
679,189,144,24,2,19,0
680,189,144,25,2,18,0
681,189,144,25,1,19,0
682,189,144,25,1,19,0
683,189,144,26,0,19,0
684,190,146,23,1,19,1
685,190,146,23,1,20,0
686,191,145,24,1,20,1
687,191,144,26,1,20,0
688,191,147,25,1,18,0
689,191,147,24,2,18,0
690,191,147,24,2,18,0
691,192,146,24,2,19,1
692,193,149,23,1,19,1
693,195,150,23,1,19,2
694,195,150,25,1,19,0
695,195,149,26,2,18,0
696,195,149,26,1,19,0
697,195,149,26,1,19,0
698,195,148,27,1,19,0
699,196,149,27,1,18,1
700,196,150,27,1,18,0
701,196,149,27,2,18,0
702,196,148,27,1,20,0
703,196,149,27,1,19,0
704,196,148,28,1,19,0
705,196,148,26,2,20,0
706,196,147,26,3,20,0
707,196,146,26,3,21,0
708,196,145,26,4,21,0
709,196,147,25,4,20,0
710,196,150,24,3,19,0
711,196,153,21,4,18,0
712,196,151,21,5,19,0
713,196,151,23,5,17,0
714,196,151,22,6,17,0
715,196,151,22,6,17,0
716,196,152,22,5,17,0
717,196,153,23,5,15,0
718,196,151,23,6,16,0
719,197,153,23,5,15,1
720,198,155,23,4,15,1
721,198,158,22,3,15,0
722,198,159,22,3,14,0
723,199,159,22,3,14,1
724,199,161,21,3,14,0
725,200,162,20,3,14,1
726,200,162,20,3,15,0
727,200,163,20,2,15,0
728,201,161,22,1,16,1
729,201,162,21,2,16,0
730,201,159,21,2,19,0
731,201,159,21,2,19,0
732,202,158,22,2,19,1
733,202,159,23,2,18,0
734,202,160,24,1,17,0
735,202,158,23,2,19,0
736,202,159,22,2,19,0
737,202,162,21,2,17,0
738,202,162,19,4,17,0
739,202,161,20,3,18,0
740,202,161,20,3,18,0
741,202,161,19,4,18,0
742,203,162,20,3,17,1
743,203,164,20,3,16,0
744,203,163,21,3,16,0
745,203,164,22,2,15,0
746,205,164,21,3,15,2
747,205,170,20,1,14,0
748,205,171,20,1,13,0
749,205,170,21,1,13,0
750,206,170,21,1,13,1
751,207,170,21,2,13,1
752,207,170,21,3,13,0
753,208,170,21,3,13,1
754,208,168,22,3,15,0
755,208,166,23,4,15,0
756,209,162,25,4,17,1
757,209,164,23,5,17,0
758,209,164,25,3,17,0
759,209,164,26,3,16,0
760,209,163,26,2,18,0
761,209,164,25,2,18,0
762,209,163,25,2,19,0
763,209,162,23,3,21,0
764,209,163,23,3,20,0
765,209,163,23,3,20,0
766,209,164,23,2,20,0
767,209,162,23,2,22,0
768,209,163,22,2,22,0
769,209,164,22,2,21,0
770,210,161,24,2,22,1
771,211,161,25,2,22,1
772,211,161,25,2,23,0
773,211,162,23,2,24,0
774,211,163,23,2,23,0
775,211,161,23,2,25,0
776,211,163,24,1,23,0
777,211,164,24,0,23,0
778,212,163,24,0,24,1
779,212,166,24,0,22,0
780,213,165,24,0,23,1
781,213,167,24,0,22,0
782,213,167,22,1,23,0
783,214,167,22,1,23,1
784,215,167,23,1,23,1
785,216,168,23,1,23,1
786,216,169,23,1,23,0
787,216,168,24,1,23,0
788,217,167,24,1,24,1
789,217,165,26,1,25,0
790,217,165,26,1,25,0
791,217,164,27,0,26,0
792,218,162,28,0,27,1
793,218,161,29,0,28,0
794,218,159,30,0,29,0
795,218,159,29,0,30,0
796,218,158,29,0,31,0
797,218,157,28,1,32,0
798,218,158,28,1,31,0
799,218,158,29,0,31,0
800,218,159,29,0,30,0
801,218,161,29,0,28,0
802,219,160,30,0,28,1
803,219,163,29,1,26,0
804,219,164,29,1,25,0
805,219,163,30,1,25,0
806,221,163,30,1,25,2
807,221,165,30,1,25,0
808,221,165,30,1,25,0
809,221,165,30,1,25,0
810,223,166,30,1,24,2
811,223,168,30,1,24,0
812,223,164,33,1,25,0
813,223,163,33,1,26,0
814,223,162,34,1,26,0
815,223,163,31,2,27,0
816,223,163,31,2,27,0
817,224,162,32,2,27,1
818,224,164,30,3,27,0
819,224,162,32,3,27,0
820,224,163,32,2,27,0
821,224,166,30,2,26,0
822,224,169,29,2,24,0
823,225,169,30,2,23,1
824,225,170,29,4,22,0
825,225,169,28,6,22,0
826,227,169,29,5,22,2
827,227,172,27,6,22,0
828,227,177,27,4,19,0
829,227,176,27,5,19,0
830,227,175,26,6,20,0
831,227,177,24,6,20,0
832,228,178,23,6,20,1
833,228,179,23,6,20,0
834,229,181,23,6,18,1
835,229,178,26,6,19,0
836,230,181,27,4,17,1
837,230,184,27,3,16,0
838,230,185,26,3,16,0
839,232,186,25,3,16,2
840,234,190,25,1,16,2
841,235,193,24,1,16,1
842,235,193,26,1,15,0
843,236,191,27,1,16,1
844,236,191,27,1,17,0
845,236,193,26,0,17,0
846,236,193,26,0,17,0
847,236,192,26,1,17,0
848,237,191,26,2,17,1
849,237,192,26,2,17,0
850,237,194,25,2,16,0
851,237,196,24,2,15,0
852,237,196,25,0,16,0
853,238,193,29,0,15,1
854,238,194,29,0,15,0
855,238,192,30,0,16,0
856,238,187,33,0,18,0
857,239,188,32,0,18,1
858,239,190,32,0,17,0
859,240,189,33,0,17,1
860,240,187,35,0,18,0
861,240,188,35,0,17,0
862,240,189,34,0,17,0
863,240,190,32,1,17,0
864,240,188,32,3,17,0
865,240,188,32,3,17,0
866,241,187,31,3,19,1
867,241,188,31,2,20,0
868,241,189,29,2,21,0
869,241,188,30,1,22,0
870,241,187,30,1,23,0
871,241,187,28,2,24,0
872,241,185,30,2,24,0
873,241,186,30,1,24,0
874,241,188,30,0,23,0
875,242,189,29,0,23,1
876,242,190,30,0,22,0
877,243,189,30,0,23,1
878,243,190,29,0,24,0
879,243,189,30,0,24,0
880,243,191,29,0,23,0
881,243,191,29,0,23,0
882,243,189,30,0,24,0
883,243,186,31,0,26,0
884,245,185,32,0,26,2
885,245,186,33,1,25,0
886,246,187,33,1,24,1
887,246,188,32,2,24,0
888,246,188,32,2,24,0
889,247,186,34,2,24,1
890,247,188,34,2,23,0
891,247,186,34,2,25,0
892,247,183,36,3,25,0
893,247,184,37,2,24,0
894,247,185,37,1,24,0
895,247,184,36,2,25,0
896,247,180,38,2,27,0
897,248,180,38,2,27,1
898,249,179,38,3,28,1
899,249,179,38,3,29,0
900,249,183,37,2,27,0
901,249,181,39,2,27,0
902,249,180,38,3,28,0
903,249,179,38,3,29,0
904,249,179,38,3,29,0
905,249,177,39,3,30,0
906,250,177,37,5,30,1
907,251,179,37,5,29,1
908,251,183,36,3,29,0
909,251,183,35,3,30,0
910,251,184,33,4,30,0
911,251,187,32,4,28,0
912,252,187,32,4,28,1
913,252,189,29,6,28,0
914,254,190,28,6,28,2
915,254,192,28,6,28,0
916,254,192,28,7,27,0
917,254,193,27,7,27,0
918,254,192,27,8,27,0
919,255,189,29,7,29,1
920,255,191,27,8,29,0
921,255,189,27,8,31,0
922,255,188,27,8,32,0
923,255,190,26,7,32,0
924,255,191,25,7,32,0
925,255,192,25,7,31,0
926,255,193,25,6,31,0
927,255,197,25,3,30,0
928,256,198,24,3,30,1
929,257,201,24,2,29,1
930,258,201,25,2,29,1
931,259,202,25,2,29,1
932,259,204,24,2,29,0
933,260,205,23,2,29,1
934,261,209,23,1,27,1
935,262,210,25,1,25,1
936,263,213,24,2,23,1
937,263,212,25,2,24,0
938,263,210,26,1,26,0
939,264,209,28,1,25,1
940,264,209,28,1,26,0
941,267,210,28,1,25,3
942,267,213,28,1,25,0
943,268,213,27,1,26,1
944,268,212,28,1,27,0
945,268,211,30,0,27,0
946,268,209,30,0,29,0
947,269,209,30,0,29,1
948,269,211,30,0,28,0
949,269,209,30,0,30,0
950,269,209,31,0,29,0
951,269,207,32,0,30,0
952,269,209,31,0,29,0
953,269,207,32,0,30,0
954,269,206,34,0,29,0
955,269,204,36,0,29,0
956,269,201,38,0,30,0
957,269,204,38,0,27,0
958,269,205,36,1,27,0
959,269,203,38,1,27,0
960,271,202,39,1,27,2
961,271,203,40,1,27,0
962,271,204,36,4,27,0
963,271,205,36,4,26,0
964,271,203,34,5,29,0
965,272,203,33,5,30,1
966,273,204,33,5,30,1
967,273,209,31,4,29,0
968,273,209,32,3,29,0
969,273,210,31,1,31,0
970,273,211,29,2,31,0
971,274,211,29,2,31,1
972,274,213,28,2,31,0
973,274,212,29,2,31,0
974,274,215,29,1,29,0
975,275,216,29,1,28,1
976,277,215,31,1,28,2
977,277,217,31,1,28,0
978,277,215,32,1,29,0
979,277,215,31,1,30,0
980,277,213,31,2,31,0
981,277,213,32,1,31,0
982,277,213,33,1,30,0
983,277,212,33,1,31,0
984,278,211,32,2,32,1
985,278,213,31,2,32,0
986,278,214,31,1,32,0
987,278,216,30,1,31,0
988,279,216,31,1,30,1
989,280,216,32,1,30,1
990,280,215,34,1,30,0
991,280,214,34,1,31,0
992,280,214,32,3,31,0
993,281,211,34,3,32,1
994,282,212,32,4,33,1
995,282,214,30,5,33,0
996,282,211,31,6,34,0
997,282,212,32,5,33,0
998,282,213,32,3,34,0
999,282,212,34,2,34,0
1000,282,209,33,4,36,0
1001,282,207,35,3,37,0
1002,282,207,35,3,37,0
1003,282,209,36,2,35,0
1004,282,211,35,1,35,0
1005,282,214,34,1,33,0
1006,282,213,34,1,34,0
1007,283,212,34,2,34,1
1008,283,212,36,2,33,0
1009,283,210,38,2,33,0
1010,283,209,39,2,33,0
1011,284,210,39,2,32,1
1012,285,213,39,2,30,1
1013,285,210,41,2,32,0
1014,285,210,40,3,32,0
1015,285,209,41,3,32,0
1016,286,207,43,3,32,1
1017,288,208,43,3,32,2
1018,289,214,40,2,32,1
1019,289,214,40,3,32,0
1020,289,214,40,3,32,0
1021,289,212,39,4,34,0
1022,289,213,39,5,32,0
1023,289,212,41,4,32,0
1024,289,211,40,6,32,0
1025,289,211,39,6,33,0
1026,289,212,40,4,33,0
1027,289,213,39,5,32,0
1028,289,213,39,5,32,0
1029,290,212,41,4,32,1
1030,290,211,42,4,33,0
1031,290,212,41,4,33,0
1032,291,213,40,4,33,1
1033,291,212,40,4,35,0
1034,291,214,39,3,35,0
1035,291,216,37,4,34,0
1036,292,218,37,3,33,1
1037,292,221,37,3,31,0
1038,292,221,37,3,31,0
1039,294,222,37,2,31,2
1040,294,229,34,2,29,0
1041,294,227,34,2,31,0
1042,294,227,34,2,31,0
1043,294,225,35,2,32,0
1044,294,226,35,2,31,0
1045,294,226,34,3,31,0
1046,294,227,33,3,31,0
1047,297,228,33,3,30,3
1048,297,230,35,2,30,0
1049,297,229,35,2,31,0
1050,297,227,35,2,33,0
1051,297,227,36,3,31,0
1052,297,228,36,2,31,0
1053,297,228,34,3,32,0
1054,297,228,34,3,32,0
1055,297,227,34,4,32,0
1056,298,228,33,5,31,1
1057,298,232,31,5,30,0
1058,298,230,32,5,31,0
1059,298,232,32,6,28,0
1060,298,233,32,7,26,0
1061,298,234,32,6,26,0
1062,299,236,31,6,25,1
1063,300,237,30,7,25,1
1064,300,237,31,6,26,0
1065,300,237,33,5,25,0
1066,301,236,33,5,26,1
1067,301,236,34,5,26,0
1068,301,236,35,5,25,0
1069,302,235,34,6,26,1
1070,304,234,36,6,26,2
1071,304,234,38,6,26,0
1072,304,232,39,6,27,0
1073,304,235,37,4,28,0
1074,305,237,36,4,27,1
1075,305,238,37,4,26,0
1076,306,239,36,4,26,1
1077,306,240,35,5,26,0
1078,306,239,35,6,26,0
1079,306,242,33,7,24,0
1080,307,245,32,5,24,1
1081,307,248,31,6,22,0
1082,307,249,30,6,22,0
1083,307,247,30,5,25,0
1084,309,246,31,5,25,2
1085,309,249,32,4,24,0
1086,309,250,31,3,25,0
1087,309,250,32,2,25,0
1088,309,247,34,3,25,0
1089,309,244,35,4,26,0
1090,309,245,35,3,26,0
1091,309,245,34,3,27,0
1092,309,247,34,2,26,0
1093,309,248,32,4,25,0
1094,310,246,30,6,27,1
1095,311,245,33,5,27,1
1096,311,248,33,3,27,0
1097,312,249,33,3,26,1
1098,312,251,33,2,26,0
1099,312,251,33,2,26,0
1100,312,252,32,1,27,0
1101,313,252,31,2,27,1
1102,314,252,30,2,29,1
1103,314,251,31,1,31,0
1104,314,252,31,1,30,0
1105,314,252,30,2,30,0
1106,315,251,29,2,32,1
1107,315,251,31,2,31,0
1108,316,250,30,2,33,1
1109,316,250,30,3,33,0
1110,317,251,29,2,34,1
1111,317,251,31,1,34,0
1112,317,253,31,0,33,0
1113,317,253,30,0,34,0
1114,318,251,32,0,34,1
1115,318,251,32,0,35,0
1116,318,253,31,0,34,0
1117,319,253,31,0,34,1
1118,320,254,32,0,33,1
1119,321,255,33,0,32,1
1120,321,255,34,0,32,0
1121,321,256,34,0,31,0
1122,322,257,33,1,30,1
1123,323,257,34,1,30,1
1124,323,257,34,1,31,0
1125,323,258,32,2,31,0
1126,324,258,32,2,31,1
1127,325,258,31,3,32,1
1128,325,259,31,3,32,0
1129,327,256,32,3,34,2
1130,327,257,33,3,34,0
1131,327,255,34,4,34,0
1132,327,257,31,5,34,0
1133,327,257,32,5,33,0
1134,327,256,32,5,34,0
1135,327,257,31,4,35,0
1136,327,253,33,4,37,0
1137,327,255,33,3,36,0
1138,327,257,32,3,35,0
1139,327,259,32,3,33,0
1140,327,259,33,4,31,0
1141,328,258,33,4,32,1
1142,328,258,33,4,33,0
1143,329,257,33,5,33,1
1144,329,259,34,4,32,0
1145,329,260,34,5,30,0
1146,330,260,33,5,31,1
1147,330,262,33,4,31,0
1148,330,263,33,4,30,0
1149,331,261,32,5,32,1
1150,332,259,35,5,32,1
1151,333,261,35,5,31,1
1152,334,258,35,5,35,1
1153,335,260,36,5,33,1
1154,336,261,36,5,33,1
1155,336,262,35,5,34,0
1156,337,263,35,6,32,1
1157,338,263,34,7,33,1
1158,338,264,34,7,33,0
1159,339,265,33,8,32,1
1160,341,265,34,7,33,2
1161,342,263,34,7,37,1
1162,343,265,35,6,36,1
1163,343,270,32,5,36,0
1164,343,272,34,4,33,0
1165,344,270,38,3,32,1
1166,345,272,37,2,33,1
1167,345,272,38,2,33,0
1168,345,271,39,2,33,0
1169,347,271,40,2,32,2
1170,347,272,42,1,32,0
1171,347,272,42,1,32,0
1172,347,273,41,1,32,0
1173,347,274,40,1,32,0
1174,347,275,37,3,32,0
1175,347,274,38,3,32,0
1176,348,274,38,3,32,1
1177,348,275,39,3,31,0
1178,350,275,41,3,29,2
1179,350,275,41,3,31,0
1180,350,277,42,1,30,0
1181,350,275,41,2,32,0
1182,350,275,41,3,31,0
1183,350,276,41,3,30,0
1184,350,276,40,3,31,0
1185,350,279,39,1,31,0
1186,351,279,39,1,31,1
1187,351,280,38,2,31,0
1188,354,280,38,2,31,3
1189,354,284,36,2,32,0
1190,355,284,37,2,31,1
1191,355,283,38,3,31,0
1192,355,285,38,3,29,0
1193,355,285,37,3,30,0
1194,356,287,36,2,30,1
1195,356,286,38,2,30,0
1196,356,286,36,2,32,0
1197,356,287,36,1,32,0
1198,356,285,37,1,33,0
1199,356,284,37,1,34,0
1200,357,284,37,2,33,1
1201,357,285,36,3,33,0
1202,357,282,36,3,36,0
1203,357,284,37,1,35,0
1204,358,283,38,1,35,1
1205,358,286,35,2,35,0
1206,358,287,35,2,34,0
1207,358,285,35,4,34,0
1208,358,284,35,4,35,0
1209,358,286,33,4,35,0
1210,359,286,33,5,34,1
1211,360,288,35,2,34,1
1212,360,290,35,2,33,0
1213,360,290,35,2,33,0
1214,361,291,35,2,32,1
1215,361,291,34,3,33,0
1216,362,291,34,4,32,1
1217,362,291,35,4,32,0
1218,362,293,33,4,32,0
1219,363,294,34,2,32,1
1220,366,296,32,3,32,3
1221,366,298,34,2,32,0
1222,366,298,33,3,32,0
1223,366,297,34,4,31,0
1224,366,299,32,5,30,0
1225,367,301,29,5,31,1
1226,367,301,30,3,33,0
1227,367,301,30,3,33,0
1228,367,301,31,2,33,0
1229,367,299,33,1,34,0
1230,367,299,33,1,34,0
1231,367,299,32,1,35,0
1232,369,298,33,2,34,2
1233,369,303,33,2,31,0
1234,369,305,33,2,29,0
1235,370,305,33,2,29,1
1236,371,303,34,2,31,1
1237,371,303,34,2,32,0
1238,371,305,34,1,31,0
1239,372,305,34,2,30,1
1240,373,306,34,2,30,1
1241,373,307,34,2,30,0
1242,374,308,34,2,29,1
1243,374,308,34,1,31,0
1244,375,308,34,1,31,1
1245,376,306,35,1,33,1
1246,377,301,39,1,35,1
1247,377,301,40,1,35,0
1248,378,298,41,0,38,1
1249,378,300,41,0,37,0
1250,378,299,40,1,38,0
1251,379,296,41,1,40,1
1252,379,296,41,2,40,0
1253,379,295,40,2,42,0
1254,379,294,40,3,42,0
1255,379,296,42,1,40,0
1256,379,295,44,1,39,0
1257,379,295,44,0,40,0
1258,380,295,43,0,41,1
1259,381,294,43,1,42,1
1260,381,295,43,1,42,0
1261,381,298,44,1,38,0
1262,382,299,44,1,37,1
1263,382,301,44,0,37,0
1264,382,301,43,1,37,0
1265,383,301,40,3,38,1
1266,383,301,41,3,38,0
1267,383,301,41,3,38,0
1268,384,303,40,3,37,1
1269,385,301,43,3,37,1
1270,385,301,43,2,39,0
1271,385,303,44,2,36,0
1272,386,303,44,2,36,1
1273,387,305,45,1,35,1
1274,388,306,46,1,34,1
1275,389,308,42,3,35,1
1276,389,311,40,4,34,0
1277,389,310,40,4,35,0
1278,389,309,40,3,37,0
1279,389,309,42,2,36,0
1280,389,306,42,2,39,0
1281,389,308,41,2,38,0
1282,389,307,42,2,38,0
1283,390,305,43,2,39,1
1284,390,307,41,4,38,0
1285,390,309,41,4,36,0
1286,390,308,42,4,36,0
1287,390,307,44,3,36,0
1288,390,303,45,3,39,0
1289,390,303,46,3,38,0
1290,390,305,47,2,36,0
1291,390,303,47,3,37,0
1292,390,303,48,1,38,0
1293,391,302,49,0,39,1
1294,391,304,48,0,39,0
1295,391,304,48,0,39,0
1296,391,303,49,0,39,0
1297,392,303,50,0,38,1
1298,392,305,51,0,36,0
1299,393,308,49,1,34,1
1300,394,308,48,2,35,1
1301,394,309,47,3,35,0
1302,395,311,47,2,34,1
1303,396,310,48,2,35,1
1304,396,311,48,2,35,0
1305,397,310,48,2,36,1
1306,398,310,48,3,36,1
1307,398,306,53,2,37,0
1308,398,306,53,2,37,0
1309,398,307,52,3,36,0
1310,398,307,50,5,36,0
1311,398,307,48,7,36,0
1312,399,311,47,6,34,1
1313,399,312,46,6,35,0
1314,400,311,49,5,34,1
1315,401,314,48,4,34,1
1316,402,314,50,4,33,1
1317,403,314,51,5,32,1
1318,404,315,51,6,31,1
1319,406,317,50,6,31,2
1320,407,326,48,2,30,1
1321,407,328,48,2,29,0
1322,408,328,48,2,29,1
1323,408,327,49,2,30,0
1324,408,329,48,2,29,0
1325,408,327,50,2,29,0
1326,408,328,50,2,28,0
1327,408,328,50,1,29,0
1328,408,324,52,1,31,0
1329,408,323,53,1,31,0
1330,409,320,53,2,33,1
1331,409,318,54,2,35,0
1332,409,317,53,2,37,0
1333,409,318,52,4,35,0
1334,409,315,53,4,37,0
1335,409,314,52,6,37,0
1336,410,317,51,4,37,1
1337,412,318,51,4,37,2
1338,412,320,51,4,37,0
1339,412,320,51,4,37,0
1340,413,321,50,4,37,1
1341,413,319,50,4,40,0
1342,415,318,52,3,40,2
1343,415,320,52,3,40,0
1344,416,321,50,4,40,1
1345,416,321,49,4,42,0
1346,416,320,50,4,42,0
1347,416,321,50,4,41,0
1348,416,319,50,4,43,0
1349,416,319,50,4,43,0
1350,416,318,51,4,43,0
1351,417,317,50,5,44,1
1352,417,316,50,5,46,0
1353,417,316,48,7,46,0
1354,417,316,47,9,45,0
1355,417,315,46,11,45,0
1356,418,314,47,12,44,1
1357,418,315,48,11,44,0
1358,418,315,48,12,43,0
1359,418,316,46,13,43,0
1360,419,317,46,11,44,1
1361,419,320,45,10,44,0
1362,419,322,44,8,45,0
1363,419,322,43,9,45,0
1364,419,320,45,8,46,0
1365,419,320,46,7,46,0
1366,419,321,46,7,45,0
1367,420,322,45,6,46,1
1368,420,321,45,6,48,0
1369,421,319,45,6,50,1
1370,421,320,45,5,51,0
1371,421,322,45,4,50,0
1372,422,322,45,3,51,1
1373,423,323,45,3,51,1
1374,423,324,43,3,53,0
1375,423,326,42,3,52,0
1376,425,326,40,4,53,2
1377,425,331,40,3,51,0
1378,426,330,38,6,51,1
1379,426,332,38,6,50,0
1380,427,332,38,6,50,1
1381,427,334,38,6,49,0
1382,428,332,40,6,49,1
1383,428,335,40,6,47,0
1384,428,336,40,5,47,0
1385,428,336,44,4,44,0
1386,428,336,45,4,43,0
1387,429,334,45,5,44,1
1388,429,337,45,4,43,0
1389,431,338,43,4,44,2
1390,431,340,43,3,45,0
1391,431,343,40,3,45,0
1392,432,342,41,3,45,1
1393,432,341,42,3,46,0
1394,432,339,43,4,46,0
1395,433,340,44,4,44,1
1396,433,339,45,4,45,0
1397,434,337,46,5,45,1
1398,434,339,47,4,44,0
1399,435,341,47,4,42,1
1400,435,342,47,4,42,0
1401,435,346,45,3,41,0
1402,435,346,45,3,41,0
1403,437,346,46,3,40,2
1404,437,348,46,2,41,0
1405,437,349,45,3,40,0
1406,438,349,45,4,39,1
1407,440,351,44,4,39,2
1408,440,356,42,4,38,0
1409,440,358,42,3,37,0
1410,441,356,43,3,38,1
1411,441,355,43,4,39,0
1412,442,353,43,4,41,1
1413,442,352,43,5,42,0
1414,443,354,42,5,41,1
1415,445,358,41,4,40,2
1416,445,359,42,4,40,0
1417,445,356,43,4,42,0
1418,445,356,41,6,42,0
1419,445,361,39,6,39,0
1420,445,359,41,6,39,0
1421,445,357,40,7,41,0
1422,445,356,39,8,42,0
1423,446,359,37,8,41,1
1424,446,357,38,10,41,0
1425,449,359,38,8,41,3
1426,450,363,37,8,41,1
1427,450,363,37,7,43,0
1428,451,364,36,7,43,1
1429,451,367,36,5,43,0
1430,451,367,39,3,42,0
1431,451,369,39,1,42,0
1432,452,370,38,1,42,1
1433,455,372,38,1,41,3
1434,455,376,40,0,39,0
1435,455,374,39,1,41,0
1436,455,375,39,1,40,0
1437,456,371,40,0,44,1
1438,455,367,40,1,47,0
1439,455,365,43,1,46,0
1440,457,363,44,1,47,2
1441,458,364,44,2,47,1
1442,458,364,43,3,48,0
1443,458,364,44,3,47,0
1444,458,366,44,3,45,0
1445,458,367,44,3,44,0
1446,459,366,46,3,43,1
1447,460,369,44,3,43,1
1448,461,370,44,3,43,1
1449,462,373,42,3,43,1
1450,462,372,44,2,44,0
1451,462,372,44,2,44,0
1452,462,370,44,2,46,0
1453,463,372,44,2,44,1
1454,464,368,48,2,45,1
1455,464,368,49,2,45,0
1456,464,366,49,4,45,0
1457,465,366,49,4,45,1
1458,465,366,50,4,45,0
1459,465,369,49,4,43,0
1460,466,370,47,4,44,1
1461,466,374,47,2,43,0
1462,467,372,47,4,43,1
1463,468,373,47,5,42,1
1464,468,375,46,5,42,0
1465,469,375,47,5,41,1
1466,469,375,47,5,42,0
1467,469,377,46,3,43,0
1468,469,378,47,3,41,0
1469,469,376,49,3,41,0
1470,469,377,49,3,40,0
1471,470,379,49,3,38,1
1472,470,376,52,3,39,0
1473,470,375,51,3,41,0
1474,470,375,51,2,42,0
1475,471,373,52,3,42,1
1476,471,376,53,3,39,0
1477,473,376,54,3,38,2
1478,473,374,57,3,39,0
1479,474,372,59,3,39,1
1480,474,371,60,3,40,0
1481,474,372,60,2,40,0
1482,474,371,60,2,41,0
1483,474,371,59,3,41,0
1484,474,369,62,2,41,0
1485,474,371,60,3,40,0
1486,475,375,60,2,37,1
1487,475,376,61,2,36,0
1488,476,375,62,2,36,1
1489,476,374,62,3,37,0
1490,476,372,64,3,37,0
1491,476,371,64,3,38,0
1492,477,371,62,2,41,1
1493,477,372,63,1,41,0
1494,477,374,62,1,40,0
1495,477,375,61,1,40,0
1496,478,373,60,2,42,1
1497,479,372,60,3,43,1
1498,479,375,59,3,42,0
1499,479,373,60,3,43,0
1500,479,370,62,3,44,0
1501,480,372,62,3,42,1
1502,481,374,63,2,41,1
1503,481,375,64,2,40,0
1504,482,375,62,4,40,1
1505,482,375,63,5,39,0
1506,482,373,64,6,39,0
1507,482,374,62,8,38,0
1508,483,374,62,9,37,1
1509,483,376,60,10,37,0
1510,483,377,57,11,38,0
1511,483,377,56,10,40,0
1512,485,380,54,10,39,2
1513,485,382,54,9,40,0
1514,485,383,54,8,40,0
1515,485,385,54,7,39,0
1516,485,387,53,8,37,0
1517,485,386,54,7,38,0
1518,485,385,56,6,38,0
1519,486,384,58,6,37,1
1520,486,382,59,7,38,0
1521,487,382,59,7,38,1
1522,488,382,60,7,38,1
1523,488,380,63,7,38,0
1524,488,379,64,8,37,0
1525,488,381,64,7,36,0
1526,488,383,61,9,35,0
1527,488,382,61,10,35,0
1528,489,383,61,10,34,1
1529,491,383,58,12,36,2
1530,491,388,56,11,36,0
1531,492,389,56,9,37,1
1532,493,392,59,5,36,1
1533,493,390,61,6,36,0
1534,493,391,60,6,36,0
1535,493,397,57,6,33,0
1536,495,394,58,8,33,2
1537,497,397,58,7,33,2
1538,497,398,58,8,33,0
1539,498,397,58,8,34,1
1540,499,397,58,7,36,1
1541,500,400,57,6,36,1
1542,500,398,58,8,36,0
1543,499,400,56,8,35,0
1544,499,401,56,8,34,0
1545,500,402,55,7,35,1
1546,500,402,55,6,37,0
1547,500,401,56,6,37,0
1548,501,399,55,6,40,1
1549,501,399,54,8,40,0
1550,501,397,56,8,40,0
1551,501,396,59,7,39,0
1552,501,395,61,7,38,0
1553,501,396,61,6,38,0
1554,501,395,62,6,38,0
1555,503,396,59,8,38,2
1556,503,398,58,7,40,0
1557,504,396,59,6,42,1
1558,504,397,60,4,43,0
1559,505,397,61,3,43,1
1560,505,400,60,3,42,0
1561,507,401,61,2,41,2
1562,507,401,61,4,41,0
1563,507,403,61,4,39,0
1564,508,402,62,3,40,1
1565,508,401,62,3,42,0
1566,509,400,60,4,44,1
1567,509,400,60,4,45,0
1568,509,403,59,4,43,0
1569,510,400,59,5,45,1
1570,510,399,58,5,48,0
1571,510,399,59,5,47,0
1572,511,402,57,6,45,1
1573,511,405,56,6,44,0
1574,511,401,58,6,46,0
1575,512,397,59,6,49,1
1576,513,398,60,6,48,1
1577,514,399,60,7,47,1
1578,515,401,60,7,46,1
1579,515,403,61,6,45,0
1580,516,402,60,8,45,1
1581,516,402,61,7,46,0
1582,517,401,62,6,47,1
1583,517,399,65,6,46,1
1584,517,403,64,4,46,0
1585,518,401,63,5,48,1
1586,519,401,62,5,50,1
1587,519,398,65,5,51,0
1588,521,400,65,3,51,2
1589,521,397,67,3,54,0
1590,521,397,66,4,54,0
1591,521,396,65,4,56,0
1592,521,399,65,4,53,0
1593,521,400,63,5,52,1
1594,523,401,62,6,52,2
1595,523,400,60,8,55,0
1596,523,401,62,6,54,0
1597,523,403,63,5,52,0
1598,523,403,61,6,53,0
1599,523,404,60,6,53,0
1600,523,406,60,4,53,0
1601,523,405,60,6,52,0
1602,523,402,60,7,54,0
1603,524,404,59,8,52,1
1604,526,406,59,7,52,2
1605,526,410,60,4,52,0
1606,526,409,65,3,48,1
1607,527,411,67,2,46,1
1608,528,411,67,3,46,1
1609,528,411,68,4,45,0
1610,528,410,67,6,45,0
1611,529,409,67,5,47,1
1612,530,410,67,5,47,1
1613,530,413,67,5,45,0
1614,529,412,68,4,45,0
1615,530,410,70,4,45,1
1616,531,411,70,4,45,1
1617,531,412,69,5,45,0
1618,532,414,68,5,44,1
1619,533,412,67,7,46,1
1620,533,413,69,7,44,0
1621,533,411,71,8,43,0
1622,534,410,69,11,43,1
1623,534,412,66,13,43,0
1624,534,412,66,13,43,0
1625,534,418,63,11,42,0
1626,535,420,65,9,40,1
1627,536,422,65,8,40,1
1628,536,424,62,10,40,0
1629,537,426,61,10,39,1
1630,537,428,61,10,38,0
1631,538,428,62,7,40,1
1632,539,431,62,5,40,1
1633,540,433,62,4,40,1
1634,540,432,60,7,41,0
1635,541,434,62,6,38,1
1636,541,430,63,6,42,0
1637,541,431,64,5,41,0
1638,541,432,62,6,41,0
1639,543,430,63,6,42,2
1640,543,433,64,5,41,0
1641,543,432,62,8,41,0
1642,544,433,61,8,41,1
1643,544,434,59,9,42,0
1644,544,435,59,9,41,0
1645,544,429,59,10,46,0
1646,546,426,58,11,49,2
1647,548,429,58,10,49,2
1648,549,433,57,11,47,1
1649,550,431,56,12,50,1
1650,552,436,57,9,48,2
1651,553,439,55,9,48,2
1652,553,445,52,10,46,0
1653,554,443,53,10,47,1
1654,555,443,56,9,46,1
1655,555,445,55,9,46,0
1656,556,443,58,8,46,1
1657,556,447,54,9,46,0
1658,556,451,53,9,43,0
1659,556,453,55,7,41,0
1660,557,457,53,4,42,1
1661,558,458,54,3,42,1
1662,558,458,55,3,42,0
1663,558,458,56,2,42,0
1664,559,455,57,3,43,1
1665,559,453,59,3,44,0
1666,559,454,58,3,44,0
1667,561,451,61,3,44,2
1668,561,453,60,4,44,0
1669,563,456,58,4,43,2
1670,563,457,57,4,45,0
1671,564,457,57,4,45,1
1672,564,458,58,3,45,0
1673,563,458,56,3,46,0
1674,564,456,58,3,46,1
1675,564,459,59,2,44,0
1676,564,456,59,3,46,0
1677,566,455,58,4,47,2
1678,566,457,58,5,46,0
1679,566,458,58,5,45,0
1680,566,457,57,5,47,0
1681,566,458,59,5,44,0
1682,566,458,58,5,45,0
1683,566,456,55,7,48,0
1684,567,457,56,6,47,1
1685,567,457,54,8,48,0
1686,568,455,55,8,49,1
1687,568,457,54,8,49,0
1688,569,457,53,8,50,1
1689,569,457,54,9,49,0
1690,570,457,55,9,48,1
1691,570,455,57,9,49,0
1692,570,456,56,8,50,0
1693,571,455,56,8,51,1
1694,574,457,55,6,53,3
1695,574,459,53,8,54,0
1696,575,455,55,9,55,1
1697,575,454,57,9,55,0
1698,575,456,57,10,52,0
1699,575,456,55,12,52,0
1700,575,458,56,9,52,0
1701,576,457,58,8,52,1
1702,576,458,59,8,51,0
1703,577,458,59,7,52,1
1704,579,456,58,7,56,2
1705,579,463,55,6,55,0
1706,579,466,54,5,54,0
1707,579,469,54,3,53,0
1708,580,467,53,4,55,1
1709,580,467,52,5,56,0
1710,581,469,52,5,54,1
1711,581,474,51,4,52,0
1712,581,476,51,2,52,0
1713,581,476,51,2,52,0
1714,581,474,53,2,52,0
1715,582,474,52,2,53,1
1716,582,475,53,2,52,0
1717,582,472,57,2,51,0
1718,582,473,56,3,50,0
1719,583,472,57,3,50,1
1720,583,469,61,3,50,0
1721,586,469,64,3,47,3
1722,586,473,63,4,46,0
1723,587,472,63,5,46,1
1724,588,472,65,6,44,1
1725,588,474,66,5,43,0
1726,589,475,67,5,41,1
1727,591,474,66,6,43,2
1728,591,476,65,5,45,0
1729,593,475,65,5,46,2
1730,595,478,66,3,46,2
1731,595,481,64,5,45,0
1732,595,483,62,5,45,0
1733,595,485,62,4,44,0
1734,595,483,62,5,45,0
1735,595,485,60,5,45,0
1736,596,483,60,6,46,1
1737,596,480,63,7,46,0
1738,596,475,66,8,47,0
1739,596,475,67,6,48,0
1740,596,476,67,4,49,0
1741,596,476,66,5,49,0
1742,596,476,67,3,50,0
1743,596,474,68,3,51,0
1744,596,471,68,4,53,0
1745,595,472,68,3,52,0
1746,595,472,70,1,52,0
1747,595,470,69,2,54,0
1748,595,473,68,2,52,0
1749,596,475,66,3,51,1
1750,597,474,66,4,52,1
1751,597,478,64,4,51,0
1752,597,477,64,3,53,0
1753,598,478,64,3,52,1
1754,599,478,66,4,50,1
1755,599,481,63,7,48,0
1756,599,477,62,8,52,0
1757,600,475,64,6,54,1
1758,601,476,63,6,55,1
1759,601,478,63,6,54,0
1760,602,476,63,6,56,1
1761,603,475,63,6,58,1
1762,603,476,64,5,58,0
1763,605,476,64,6,57,2
1764,605,480,63,5,57,0
1765,606,482,62,4,57,1
1766,606,483,63,4,56,0
1767,607,482,63,4,57,1
1768,609,485,64,3,55,2
1769,610,487,63,4,55,1
1770,610,490,63,4,53,0
1771,610,487,65,5,53,0
1772,611,484,66,6,54,1
1773,612,483,65,8,55,1
1774,612,483,66,7,56,0
1775,612,484,67,4,57,0
1776,613,484,68,4,56,1
1777,614,486,68,3,56,1
1778,614,486,69,3,56,0
1779,615,489,68,3,54,1
1780,615,492,68,3,52,0
1781,615,489,70,3,53,0
1782,615,487,72,3,53,0
1783,615,487,71,4,53,0
1784,615,488,71,5,51,0
1785,615,491,70,4,50,0
1786,615,485,73,4,53,0
1787,616,485,74,2,54,1
1788,616,486,71,5,54,0
1789,617,484,69,7,56,1
1790,617,484,70,7,56,0
1791,617,484,73,7,53,0
1792,618,483,72,7,55,1
1793,618,486,72,5,55,0
1794,619,483,73,5,57,1
1795,620,484,73,6,56,1
1796,621,483,74,7,56,1
1797,622,488,74,5,54,1
1798,622,488,76,5,53,0
1799,624,485,77,6,54,2
1800,626,489,74,7,54,2
1801,627,493,75,4,54,1
1802,627,495,73,3,56,0
1803,629,498,69,6,54,2
1804,632,499,71,6,53,3
1805,632,505,70,6,51,0
1806,633,508,70,5,49,1
1807,633,508,69,5,51,0
1808,633,511,67,5,50,0
1809,633,515,67,3,48,0
1810,633,512,66,3,52,0
1811,633,509,66,6,52,0
1812,634,507,66,8,52,1
1813,635,511,66,7,50,1
1814,637,514,63,8,50,2
1815,638,516,63,8,50,1
1816,638,515,64,8,51,0
1817,638,513,64,8,53,0
1818,639,516,64,6,52,1
1819,638,519,63,5,51,0
1820,641,519,65,4,50,3
1821,642,519,66,5,51,1
1822,643,521,64,6,51,1
1823,643,522,63,7,51,0
1824,643,526,62,5,50,0
1825,644,525,64,5,49,1
1826,644,525,65,4,50,0
1827,644,527,63,4,50,0
1828,644,525,65,3,51,0
1829,648,520,68,3,53,4
1830,648,522,67,5,54,0
1831,648,524,66,4,54,0
1832,648,523,67,4,54,0
1833,650,522,67,4,55,2
1834,650,524,64,5,57,0
1835,650,525,66,4,55,0
1836,650,522,68,4,55,1
1837,650,527,66,4,53,0
1838,650,525,66,7,52,0
1839,651,524,68,9,49,1
1840,651,524,70,9,48,0
1841,654,523,68,12,48,3
1842,655,524,72,10,48,1
1843,655,526,73,8,48,0
1844,655,523,75,8,49,0
1845,655,525,73,9,48,0
1846,655,528,72,9,46,0
1847,656,531,72,7,45,1
1848,657,530,72,8,46,1
1849,657,529,71,9,48,0
1850,658,530,71,10,46,1
1851,661,534,70,8,46,3
1852,664,538,70,7,46,3
1853,665,540,71,6,47,1
1854,665,543,70,6,46,0
1855,665,542,71,5,47,0
1856,665,542,72,5,46,0
1857,665,541,72,5,47,0
1858,665,543,72,3,47,0
1859,667,543,72,3,47,2
1860,669,542,73,3,49,2
1861,670,543,75,3,48,1
1862,670,542,75,3,50,0
1863,670,542,75,3,50,0
1864,671,542,76,3,49,1
1865,672,540,78,3,50,1
1866,672,542,75,5,50,0
1867,672,540,72,7,53,0
1868,672,541,68,10,53,0
1869,672,543,67,11,51,0
1870,671,545,64,11,51,0
1871,671,547,65,9,50,0
1872,672,547,66,10,48,1
1873,672,546,67,9,50,0
1874,672,542,71,8,51,0
1875,673,541,72,7,52,1
1876,676,544,72,7,50,3
1877,676,544,75,5,51,1
1878,677,545,74,4,52,2
1879,676,546,73,4,53,0
1880,676,548,72,4,52,0
1881,676,548,73,3,52,0
1882,678,549,72,4,51,2
1883,678,551,72,5,50,0
1884,680,550,74,5,49,2
1885,680,553,75,4,48,0
1886,681,545,77,5,53,1
1887,682,544,76,5,55,2
1888,683,541,80,4,57,1
1889,684,540,81,3,59,1
1890,684,543,79,4,58,0
1891,686,544,80,3,57,2
1892,686,545,78,5,58,0
1893,686,548,75,6,57,0
1894,688,548,74,6,58,2
1895,686,546,74,6,59,1
1896,685,549,71,5,60,0
1897,685,550,72,4,59,0
1898,686,550,72,4,59,1
1899,687,550,74,5,57,1
1900,687,553,74,6,54,0
1901,688,551,73,7,56,1
1902,690,554,73,5,56,2
1903,690,556,72,5,57,0
1904,690,551,75,5,58,1
1905,691,554,76,4,56,1
1906,692,553,78,4,56,1
1907,693,553,79,4,56,1
1908,695,556,77,5,55,2
1909,695,560,78,3,54,0
1910,695,561,77,3,54,0
1911,695,560,76,4,55,0
1912,695,555,75,4,59,2
1913,695,554,76,5,60,0
1914,696,557,75,5,58,1
1915,698,559,72,6,59,2
1916,698,563,71,6,58,0
1917,698,560,74,7,56,1
1918,699,557,73,9,59,1
1919,699,561,69,11,58,0
1920,699,558,72,12,57,0
1921,699,554,73,13,59,0
1922,700,557,73,12,57,1
1923,701,556,74,12,58,1
1924,701,560,73,11,57,0
1925,702,562,71,11,57,1
1926,703,566,70,10,56,1
1927,705,568,68,11,56,2
1928,705,571,67,10,57,0
1929,707,570,67,10,58,2
1930,707,572,67,10,58,0
1931,709,571,64,11,61,2
1932,708,572,65,9,62,0
1933,708,575,63,7,63,0
1934,709,575,63,6,64,1
1935,709,574,64,6,64,1
1936,709,578,62,8,61,0
1937,709,578,61,7,63,0
1938,710,574,61,8,65,2
1939,710,577,63,5,65,0
1940,710,575,66,5,64,0
1941,711,575,66,4,64,2
1942,712,577,66,4,64,1
1943,711,578,67,4,62,0
1944,713,578,68,3,62,2
1945,714,579,68,4,62,1
1946,713,580,66,5,62,0
1947,714,576,68,6,62,2
1948,715,580,66,7,61,1
1949,716,580,68,5,62,1
1950,719,580,69,4,63,3
1951,720,580,70,5,63,2
1952,720,582,69,7,62,0
1953,720,584,70,7,59,0
1954,721,583,72,6,59,1
1955,721,583,73,6,59,0
1956,720,579,76,6,59,0
1957,720,579,78,5,58,0
1958,720,577,81,5,57,0
1959,721,578,81,4,57,1
1960,722,578,83,3,57,1
1961,723,578,83,4,57,1
1962,723,582,82,5,54,0
1963,725,583,82,6,52,2
1964,725,589,80,6,50,0
1965,725,586,83,6,50,0
1966,725,586,82,7,50,0
1967,726,587,81,7,50,1
1968,725,586,83,6,50,0
1969,727,587,81,7,50,2
1970,727,588,83,6,50,0
1971,728,582,85,9,51,1
1972,729,582,85,9,52,1
1973,730,589,83,9,48,1
1974,730,590,82,9,49,0
1975,730,589,83,8,50,0
1976,731,589,82,8,51,1
1977,731,583,84,9,53,2
1978,731,586,81,8,56,0
1979,732,590,81,6,54,1
1980,732,586,83,6,56,1
1981,732,583,83,6,60,0
1982,732,585,81,5,60,1
1983,732,585,84,4,59,0
1984,733,584,84,4,60,1
1985,733,585,82,5,59,2
1986,732,584,83,5,60,0
1987,732,583,85,5,59,0
1988,731,580,87,5,59,0
1989,733,578,87,7,59,2
1990,733,579,86,7,60,1
1991,736,581,86,6,60,3
1992,735,582,87,6,60,0
1993,733,580,88,6,59,0
1994,734,582,85,8,58,1
1995,733,583,83,8,59,0
1996,733,581,85,8,59,0
1997,733,579,82,11,61,0
1998,731,575,84,11,61,0
1999,730,577,80,13,60,0
2000,731,579,77,13,61,1
2001,731,579,75,13,63,1
2002,731,582,75,10,64,0
2003,734,584,74,11,62,3
2004,734,584,77,11,62,0
2005,734,585,79,10,60,0
2006,736,581,80,10,63,2
2007,736,588,78,8,62,0
2008,735,588,77,7,63,0
2009,737,587,78,6,64,2
2010,737,587,80,5,64,1
2011,735,587,79,6,63,0
2012,734,588,79,6,61,0
2013,735,586,79,6,63,1
2014,735,584,79,7,65,0
2015,736,582,79,7,67,1
2016,737,584,79,6,67,1
2017,737,587,79,5,66,0
2018,737,586,80,4,67,0
2019,737,586,77,5,68,1
2020,737,585,78,6,68,0
2021,738,587,76,6,68,1
2022,738,589,75,5,69,0
2023,737,587,75,5,70,0
2024,738,581,78,6,72,1
2025,738,580,81,6,71,0
2026,738,582,80,8,68,0
2027,738,587,78,5,68,0
2028,738,589,79,5,65,0
2029,737,589,78,6,64,0
2030,738,582,82,6,66,2
2031,739,586,80,7,65,1
2032,741,589,78,7,65,2
2033,741,588,78,8,66,1
2034,742,593,76,9,63,1
2035,744,593,75,9,65,2
2036,744,598,76,10,60,0
2037,746,596,75,12,61,2
2038,747,597,77,10,62,1
2039,748,599,77,9,62,1
2040,748,597,79,8,64,0
2041,749,597,79,8,64,1
2042,751,599,78,8,64,2
2043,753,601,76,11,63,2
2044,754,603,76,11,63,1
2045,753,602,76,13,62,0
2046,753,604,76,12,61,0
2047,753,606,78,10,59,0
2048,754,603,79,10,61,1
2049,754,604,78,11,61,0
2050,752,597,82,10,63,0
2051,755,596,84,12,60,3
2052,755,595,86,10,63,1
2053,757,595,84,10,66,2
2054,757,595,87,9,66,0
2055,755,591,88,10,66,0
2056,756,592,88,9,66,1
2057,758,594,85,10,67,2
2058,759,598,81,11,68,1
2059,760,599,82,9,69,1
2060,759,601,80,9,69,0
2061,760,599,81,10,69,1
2062,760,596,84,9,71,0
2063,760,589,86,9,75,1
2064,760,596,86,7,71,0
2065,760,598,81,9,72,0
2066,759,598,80,12,69,0
2067,760,600,77,13,69,1
2068,759,597,79,14,69,0
2069,759,599,80,11,69,0
2070,758,597,80,11,70,0
2071,758,598,79,12,69,0
2072,761,598,80,8,72,3
2073,763,597,84,7,73,2
2074,763,599,86,6,72,0
2075,763,596,88,6,72,1
2076,763,596,90,5,72,0
2077,763,600,87,4,72,0
2078,763,599,86,5,73,0
2079,764,601,83,7,72,1
2080,766,603,82,7,72,2
2081,766,605,83,7,71,0
2082,766,604,83,7,72,0
2083,766,602,85,6,73,0
2084,767,603,87,4,72,1
2085,768,605,88,4,70,1
2086,770,608,88,3,69,2
2087,771,611,89,1,69,1
2088,771,611,90,2,68,0
2089,772,610,91,3,67,1
2090,773,612,91,3,66,1
2091,773,612,93,2,66,0
2092,775,609,95,3,66,2
2093,775,608,92,5,69,1
2094,775,612,91,4,68,0
2095,775,610,89,7,69,0
2096,776,611,88,8,68,1
2097,776,615,87,6,68,0
2098,775,616,85,6,68,0
2099,775,612,84,8,71,0
2100,776,610,86,8,71,1
2101,777,613,85,9,69,1
2102,778,620,84,7,66,1
2103,778,620,86,5,67,0
2104,779,621,86,5,66,1
2105,780,622,85,4,68,1
2106,780,626,81,8,65,0
2107,781,623,82,8,67,1
2108,783,623,81,9,67,3
2109,786,628,79,10,66,3
2110,786,631,79,11,65,0
2111,787,625,83,11,67,1
2112,787,629,82,12,64,0
2113,789,630,84,10,63,2
2114,790,633,85,9,62,1
2115,791,635,85,8,62,1
2116,792,631,88,8,64,1
2117,794,636,88,6,62,2
2118,795,635,91,5,63,1
2119,795,635,91,5,64,0
2120,796,634,92,4,65,1
2121,795,635,92,4,64,0
2122,795,634,93,4,64,0
2123,798,634,95,4,62,3
2124,797,632,97,4,63,1
2125,797,632,95,6,64,0
2126,796,631,95,8,62,0
2127,796,634,95,7,60,0
2128,795,629,96,7,63,0
2129,796,629,96,7,63,1
2130,797,627,97,6,66,1
2131,798,631,94,6,66,1
2132,799,632,96,4,66,1
2133,800,630,99,5,65,1
2134,798,626,100,5,67,0
2135,796,623,102,4,67,0
2136,798,620,103,5,68,2
2137,798,625,101,6,66,0
2138,798,625,100,6,67,0
2139,799,625,100,8,65,1
2140,799,628,99,7,65,0
2141,801,631,97,7,64,2
2142,804,631,98,7,64,4
2143,805,635,98,7,64,1
2144,805,632,99,9,65,0
2145,805,630,100,9,66,0
2146,805,634,96,11,64,0
2147,807,637,94,12,62,2
2148,808,638,94,12,63,1
2149,809,641,94,12,61,1
2150,810,644,96,11,58,1
2151,811,647,96,10,57,1
2152,814,644,99,9,59,3
2153,814,642,101,9,62,0
2154,815,644,102,7,61,1
2155,816,647,101,7,60,1
2156,815,643,103,9,60,0
2157,815,643,104,9,59,0
2158,816,643,103,10,59,1
2159,817,645,102,9,60,1
2160,817,649,100,7,61,0
2161,818,645,98,10,64,1
2162,819,646,98,10,64,1
2163,819,646,98,9,66,0
2164,819,650,100,7,61,1
2165,821,649,98,8,64,2
2166,821,646,99,8,67,1
2167,822,647,99,8,67,1
2168,823,649,96,10,67,1
2169,823,649,97,9,67,1
2170,825,647,96,10,70,2
2171,826,652,97,10,66,1
2172,825,651,96,11,66,1
2173,825,654,97,8,66,0
2174,825,653,98,7,66,1
2175,825,660,95,5,65,0
2176,825,661,96,5,62,1
2177,826,661,96,7,61,1
2178,826,665,94,6,60,1
2179,826,663,96,7,60,0
2180,829,661,99,7,59,3
2181,829,667,99,5,58,0
2182,830,670,96,4,59,1
2183,831,663,102,4,61,1
2184,832,662,103,4,62,1
2185,832,663,102,5,61,1
2186,832,660,105,5,62,0
2187,832,660,106,5,61,0
2188,835,662,102,7,61,3
2189,835,665,103,7,60,0
2190,835,664,101,8,62,0
2191,834,665,98,9,61,1
2192,834,667,95,10,62,0
2193,834,665,96,10,63,0
2194,834,665,97,11,61,0
2195,835,665,94,12,63,1
2196,838,669,94,9,63,3
2197,837,668,96,10,63,0
2198,836,672,94,8,62,0
2199,835,676,94,5,60,0
2200,835,673,94,7,61,0
2201,837,676,92,7,60,2
2202,839,676,92,10,59,2
2203,840,678,91,10,60,1
2204,841,679,92,8,60,2
2205,842,679,93,6,63,1
2206,843,679,93,7,63,1
2207,843,681,93,7,62,0
2208,845,675,95,8,65,2
2209,845,678,96,6,65,0
2210,844,671,99,6,66,2
2211,845,667,98,6,73,1
2212,848,673,95,6,71,3
2213,848,676,96,3,73,0
2214,848,673,102,3,69,1
2215,848,669,107,3,69,0
2216,848,669,105,5,68,1
2217,849,674,104,6,64,1
2218,850,672,104,7,66,1
2219,850,676,101,6,67,0
2220,851,672,103,6,69,1
2221,852,672,98,11,70,1
2222,852,675,97,12,68,0
2223,852,674,94,15,68,1
2224,852,675,94,15,68,0
2225,853,680,94,12,66,1
2226,853,684,93,11,63,2
2227,854,687,94,8,63,2
2228,853,687,95,8,63,0
2229,853,687,96,7,63,0
2230,856,688,96,7,62,3
2231,856,692,92,9,63,0
2232,857,693,92,8,63,1
2233,857,693,92,8,64,0
2234,857,697,89,9,62,0
2235,857,699,89,9,60,0
2236,858,697,89,10,61,1
2237,860,700,88,9,61,2
2238,861,703,88,8,61,1
2239,862,704,86,8,63,1
2240,863,703,87,10,62,1
2241,863,703,85,11,64,0
2242,863,705,84,9,65,0
2243,864,703,90,7,63,1
2244,864,705,90,6,63,0
2245,865,703,91,5,65,1
2246,865,701,93,4,67,0
2247,865,700,94,3,68,0
2248,866,702,92,3,68,1
2249,865,697,93,5,70,0
2250,865,694,93,6,72,0
2251,865,694,93,7,70,1
2252,864,693,92,7,72,0
2253,866,690,92,10,72,2
2254,867,692,91,9,74,1
2255,867,689,92,10,76,0
2256,869,685,94,9,78,3
2257,868,687,92,10,78,1
2258,870,688,92,10,78,2
2259,871,691,92,10,76,2
2260,871,691,92,13,75,0
2261,871,687,93,14,76,1
2262,871,685,95,13,78,0
2263,870,686,96,11,77,0
2264,870,686,91,12,81,0
2265,871,689,90,11,80,1
2266,871,687,93,9,82,0
2267,871,679,97,9,86,0
2268,871,680,99,7,85,0
2269,871,677,101,7,86,0
2270,869,674,100,6,88,1
2271,869,676,102,4,86,1
2272,867,671,102,6,87,1
2273,868,672,101,6,88,1
2274,865,672,99,8,86,0
2275,864,666,102,10,86,0
2276,866,671,100,8,85,2
2277,866,669,103,9,85,0
2278,865,672,101,9,81,2
2279,867,672,101,11,81,2
2280,869,672,99,12,84,2
2281,869,673,97,15,84,0
2282,869,669,97,15,88,0
2283,869,670,100,13,86,0
2284,868,668,102,12,86,0
2285,868,667,100,14,87,0
2286,870,673,98,12,84,3
2287,870,675,98,11,84,2
2288,869,676,99,11,83,0
2289,870,675,101,9,84,1
2290,869,675,103,8,83,0
2291,867,673,103,8,82,1
2292,868,674,102,8,83,1
2293,868,680,100,7,80,1
2294,870,680,100,8,80,2
2295,870,680,101,7,82,0
2296,870,683,96,10,81,0
2297,872,688,97,7,78,2
2298,873,683,98,10,80,2
2299,872,684,99,11,78,0
2300,871,679,101,10,80,1
2301,872,681,100,12,78,1
2302,872,681,101,11,79,0
2303,874,680,102,11,79,2
2304,873,683,100,13,77,0
2305,874,685,97,12,79,1
2306,875,686,99,12,75,3
2307,874,688,98,11,77,0
2308,876,691,97,9,77,2
2309,876,693,97,8,78,0
2310,876,695,96,7,78,0
2311,877,695,97,5,79,1
2312,876,693,99,5,79,0
2313,877,694,99,5,78,1
2314,878,694,99,5,79,1
2315,877,691,99,5,81,1
2316,877,691,100,5,81,0
2317,878,690,101,5,81,1
2318,877,693,99,6,79,0
2319,877,694,99,7,77,0
2320,877,694,99,6,78,0
2321,877,693,100,6,78,0
2322,877,691,99,7,80,0
2323,878,690,100,6,80,2
2324,881,692,100,6,80,3
2325,883,696,100,6,79,2
2326,883,695,99,7,80,2
2327,883,700,97,6,80,0
2328,884,699,97,6,81,1
2329,886,697,99,7,81,2
2330,885,696,100,7,82,0
2331,886,695,103,4,83,1
2332,887,696,102,6,82,1
2333,887,692,103,6,85,1
2334,889,688,108,7,84,2
2335,887,684,109,8,86,0
2336,888,684,106,10,87,1
2337,887,689,106,7,85,0
2338,886,688,104,9,85,0
2339,887,684,105,8,89,1
2340,885,682,106,8,89,0
2341,886,681,105,8,91,1
2342,885,678,107,9,90,1
2343,886,678,108,9,90,1
2344,887,682,105,10,89,1
2345,887,685,104,10,88,0
2346,888,686,106,9,85,2
2347,887,689,104,9,85,0
2348,887,688,104,9,84,2
2349,886,687,104,7,88,0
2350,886,685,104,8,88,1
2351,888,687,104,8,87,2
2352,887,692,100,11,84,0
2353,887,690,100,12,84,1
2354,889,696,99,10,82,2
2355,892,696,98,11,84,3
2356,892,695,101,11,85,0
2357,893,699,100,10,83,1
2358,892,702,102,9,79,0
2359,894,704,102,7,79,2
2360,893,705,102,5,80,1
2361,894,704,99,8,82,1
2362,895,704,99,10,81,1
2363,894,705,99,8,82,0
2364,894,699,100,9,86,0
2365,894,701,96,13,84,0
2366,892,699,92,15,85,1
2367,892,701,91,14,86,0
2368,893,700,90,16,86,1
2369,893,701,91,16,84,1
2370,895,706,90,13,83,3
2371,894,708,91,14,81,0
2372,897,709,90,14,81,3
2373,898,712,89,15,80,2
2374,898,710,93,13,82,0
2375,897,708,93,15,80,1
2376,897,705,96,15,80,1
2377,897,707,93,16,81,0
2378,898,710,95,13,79,1
2379,898,713,95,12,78,0
2380,899,713,94,12,79,1
2381,899,711,95,13,80,0
2382,899,711,94,13,81,0
2383,901,709,93,14,83,2
2384,902,711,93,16,81,1
2385,903,714,92,15,81,1
2386,905,714,94,13,80,4
2387,904,713,96,13,82,0
2388,906,716,96,10,82,2
2389,904,718,94,9,83,0
2390,904,718,94,8,83,1
2391,904,714,99,7,83,1
2392,904,716,97,7,84,0
2393,902,710,100,6,86,0
2394,904,707,101,7,86,3
2395,904,707,102,7,87,1
2396,903,705,103,8,87,0
2397,904,700,104,10,89,1
2398,904,698,104,11,91,0
2399,904,699,105,11,89,0
2400,905,699,105,11,89,1
2401,904,701,105,12,86,0
2402,905,702,107,10,85,1
2403,905,698,110,9,87,1
2404,905,694,114,9,88,0
2405,905,695,110,10,89,1
2406,905,700,107,10,88,0
2407,905,700,106,9,89,1
2408,905,701,108,9,87,0
2409,905,696,109,9,90,1
2410,906,695,108,11,91,1
2411,907,696,106,13,90,2
2412,908,697,107,12,91,1
2413,908,697,107,12,90,2
2414,908,703,107,11,87,0
2415,911,706,104,10,88,3
2416,912,709,101,12,89,1
2417,911,706,99,13,92,1
2418,911,709,99,10,92,1
2419,910,711,101,8,90,0
2420,910,709,104,9,88,0
2421,909,710,103,9,87,0
2422,908,710,102,9,87,0
2423,907,707,103,10,87,0
2424,908,701,107,10,89,1
2425,908,699,105,11,92,1
2426,907,701,104,10,92,0
2427,909,701,104,10,91,3
2428,909,702,105,10,91,1
2429,910,705,103,8,93,1
2430,910,703,103,9,93,2
2431,910,710,101,10,89,0
2432,909,707,101,10,91,0
2433,910,710,100,9,90,1
2434,911,713,100,9,88,1
2435,913,713,103,9,86,2
2436,912,718,100,9,85,0
2437,912,718,99,10,85,0
2438,911,714,102,9,86,0
2439,914,714,101,10,86,3
2440,915,715,100,11,88,1
2441,916,713,101,11,89,2
2442,916,718,100,11,87,0
2443,916,720,101,10,84,1
2444,916,719,100,11,86,0
2445,914,719,98,11,86,0
2446,915,721,100,10,83,1
2447,915,724,99,9,83,0
2448,918,722,98,8,87,3
2449,918,726,96,9,86,1
2450,918,727,96,10,85,0
2451,919,726,97,8,87,1
2452,921,726,97,9,87,2
2453,921,724,97,10,90,0
2454,919,726,95,9,89,0
2455,920,724,97,8,90,1
2456,922,727,95,9,89,2
2457,922,728,97,8,88,1
2458,921,729,101,7,84,0
2459,922,730,98,7,86,1
2460,923,729,97,9,87,1
2461,923,727,98,9,88,1
2462,924,727,99,10,87,1
2463,924,729,96,11,87,1
2464,926,730,97,10,87,2
2465,927,730,99,11,86,1
2466,929,729,102,9,87,2
2467,931,733,102,10,84,2
2468,935,731,104,9,87,4
2469,935,735,104,9,87,0
2470,936,734,107,9,85,1
2471,937,735,105,9,87,1
2472,940,735,107,9,86,3
2473,940,743,107,5,85,0
2474,943,739,109,6,86,3
2475,944,741,111,4,87,1
2476,944,740,111,4,88,1
2477,942,738,109,4,91,0
2478,941,734,105,9,93,0
2479,940,732,106,10,92,0
2480,940,730,103,13,94,0
2481,941,729,104,12,95,1
2482,941,731,105,10,95,0
2483,941,731,106,8,96,0
2484,943,736,104,6,95,2
2485,941,733,105,7,96,0
2486,942,737,103,8,93,1
2487,941,737,104,6,93,1
2488,941,734,105,5,96,1
2489,942,732,103,7,98,2
2490,942,730,102,11,99,0
2491,943,726,101,11,104,1
2492,942,730,99,10,103,0
2493,942,731,97,11,103,0
2494,941,727,101,10,103,0
2495,940,726,100,11,103,0
2496,941,723,99,14,104,1
2497,942,725,98,13,105,1
2498,943,721,100,14,107,1
2499,944,720,105,11,107,1
2500,943,718,108,8,108,1
2501,943,719,108,8,107,1
2502,943,722,107,6,107,1
2503,944,724,106,6,107,1
2504,943,724,108,5,105,1
2505,943,725,108,6,104,0
2506,943,718,111,7,105,2
2507,944,718,111,9,105,1
2508,943,717,110,10,106,0
2509,945,714,112,10,107,2
2510,945,717,111,11,105,1
2511,945,718,111,11,105,0
2512,945,714,115,11,105,0
2513,946,712,111,15,106,2
2514,947,711,113,15,106,2
2515,944,712,116,13,103,0
2516,944,711,115,13,104,1
2517,944,710,117,11,106,0
2518,942,706,117,11,108,0
2519,941,702,117,12,109,1
2520,941,709,114,11,107,0
2521,941,712,112,14,102,1
2522,940,713,111,14,102,0
2523,939,709,113,14,103,0
2524,939,704,113,16,105,1
2525,939,702,116,14,105,2
2526,941,706,116,12,105,2
2527,942,711,114,12,104,1
2528,941,717,111,12,101,0
2529,940,710,116,12,101,1
2530,941,709,115,13,103,1
2531,942,708,115,12,104,3
2532,943,709,117,12,104,1
2533,944,711,120,10,102,1
2534,945,715,120,8,101,1
2535,944,717,117,10,99,1
2536,946,719,117,10,98,2
2537,948,717,119,10,99,3
2538,949,719,121,8,100,1
2539,949,726,121,6,96,0
2540,949,727,121,7,94,0
2541,951,728,121,6,94,2
2542,952,728,124,6,93,1
2543,951,730,122,7,91,1
2544,951,734,120,6,91,0
2545,951,728,123,7,93,0
2546,953,728,120,9,94,2
2547,953,734,117,9,93,0
2548,953,729,117,13,94,0
2549,952,727,117,14,93,1
2550,952,729,117,14,90,2
2551,954,728,114,16,94,2
2552,953,725,115,16,97,0
2553,954,724,117,15,97,1
2554,955,731,115,12,96,1
2555,955,734,116,12,93,0
2556,955,733,115,14,93,0
2557,954,733,114,15,92,0
2558,957,733,115,14,92,3
2559,958,743,113,12,89,1
2560,958,740,115,13,89,1
2561,960,746,113,13,86,2
2562,961,752,111,13,84,1
2563,961,757,113,11,79,1
2564,963,754,114,12,81,2
2565,965,758,112,14,79,2
2566,968,754,112,14,84,4
2567,970,762,110,13,83,2
2568,971,767,110,11,81,2
2569,971,769,108,12,81,1
2570,972,772,108,12,79,1
2571,972,774,107,10,80,1
2572,973,772,107,8,85,1
2573,974,770,111,7,85,1
2574,976,769,112,6,87,2
2575,978,772,110,8,85,3
2576,980,780,108,8,82,2
2577,979,779,108,9,83,0
2578,979,779,106,9,84,1
2579,981,774,108,11,86,2
2580,980,767,110,11,91,1
2581,981,773,109,9,89,1
2582,981,772,107,10,91,1
2583,981,773,111,8,89,0
2584,981,774,111,8,88,0
2585,981,774,112,6,88,1
2586,981,775,110,5,90,1
2587,981,776,111,4,89,1
2588,981,774,113,5,88,1
2589,981,776,113,6,85,1
2590,983,772,113,9,87,2
2591,980,768,115,10,87,0
2592,980,766,116,11,87,0
2593,980,766,115,11,88,0
2594,980,763,118,10,88,1
2595,981,762,115,13,90,1
2596,981,768,114,12,87,0
2597,982,770,111,13,87,1
2598,983,771,109,13,89,1
2599,982,777,109,11,85,0
2600,982,777,108,11,86,0
2601,983,779,104,13,86,1
2602,984,781,105,13,84,1
2603,985,781,105,13,84,2
2604,986,781,105,15,84,1
2605,989,781,106,15,84,3
2606,991,784,108,13,84,2
2607,991,785,108,13,85,0
2608,994,783,109,12,87,3
2609,994,786,106,12,90,0
2610,994,789,107,8,90,0
2611,993,787,109,8,89,0
2612,993,785,111,8,88,1
2613,992,785,107,10,89,1
2614,993,788,106,9,89,1
2615,993,789,104,9,90,1
2616,994,790,103,9,91,1
2617,994,789,104,7,92,2
2618,996,793,101,7,93,2
2619,997,796,100,9,91,1
2620,997,800,98,10,89,0
2621,997,798,98,11,90,0
2622,998,800,97,11,89,1
2623,1000,797,98,13,90,2
2624,1000,797,100,11,91,1
2625,1001,793,100,11,95,2
2626,1001,797,101,8,95,0
2627,1002,798,98,10,94,2
2628,1002,794,102,10,96,0
2629,1000,792,101,9,97,1
2630,1002,787,102,10,101,2
2631,1002,786,106,10,100,0
2632,1003,783,106,12,101,1
2633,1005,788,104,11,99,3
2634,1003,790,104,11,97,1
2635,1005,791,103,12,97,2
2636,1004,796,102,11,95,0
2637,1004,797,102,11,93,1
2638,1002,799,100,12,91,0
2639,1002,798,100,14,89,1
2640,1004,802,100,12,88,2
2641,1003,801,100,10,92,0
2642,1005,803,95,11,93,3
2643,1006,807,95,9,92,3
2644,1006,808,97,8,92,1
2645,1006,809,98,10,89,0
2646,1008,810,97,10,89,2
2647,1007,816,97,8,86,0
2648,1007,814,99,7,87,0
2649,1008,814,100,7,86,1
2650,1007,813,98,8,88,0
2651,1007,810,97,9,91,0
2652,1009,809,96,10,91,3
2653,1010,811,97,7,94,1
2654,1010,812,93,10,95,0
2655,1012,808,93,9,100,2
2656,1013,809,93,10,99,2
2657,1013,806,99,9,99,0
2658,1014,806,98,8,100,2
2659,1014,807,98,10,99,0
2660,1014,805,97,9,102,1
2661,1012,810,95,6,101,0
2662,1012,808,95,5,103,1
2663,1011,804,95,6,105,1
2664,1011,801,98,6,105,1
2665,1011,803,97,7,103,1
2666,1014,803,99,7,102,3
2667,1016,806,100,8,100,2
2668,1018,813,97,9,97,2
2669,1018,814,99,10,95,0
2670,1019,813,102,7,96,1
2671,1022,817,100,7,95,3
2672,1024,820,100,6,95,3
2673,1024,823,99,7,94,1
2674,1023,822,95,9,97,0
2675,1024,818,95,10,99,2
2676,1023,816,95,10,102,0
2677,1023,817,94,10,102,0
2678,1026,817,97,9,100,3
2679,1028,816,96,9,105,2
2680,1028,820,94,9,105,0
2681,1028,818,92,11,106,1
2682,1029,823,92,11,101,2
2683,1028,826,93,11,98,0
2684,1030,824,93,13,98,2
2685,1031,827,88,17,98,1
2686,1031,827,92,13,98,1
2687,1033,827,92,13,99,2
2688,1033,833,92,12,96,0
2689,1033,835,93,9,96,0
2690,1034,831,95,11,96,1
2691,1036,836,93,10,95,2
2692,1038,835,92,12,97,2
2693,1039,831,97,10,100,1
2694,1040,827,99,10,103,1
2695,1040,824,101,9,105,1
2696,1041,829,101,8,102,1
2697,1043,830,102,8,101,2
2698,1044,831,104,7,101,1
2699,1043,831,101,7,104,0
2700,1043,828,105,8,102,0
2701,1042,827,108,5,101,1
2702,1042,829,107,4,101,1
2703,1043,832,110,3,97,1
2704,1044,831,107,6,98,2
2705,1046,829,109,7,99,2
2706,1046,829,111,6,99,1
2707,1045,825,111,6,102,1
2708,1045,828,111,6,100,0
2709,1047,829,113,6,97,2
2710,1046,832,110,7,97,0
2711,1046,827,111,8,99,1
2712,1047,825,110,7,102,3
2713,1047,823,111,8,104,1
2714,1046,819,115,8,104,0
2715,1045,818,116,6,103,2
2716,1045,820,117,7,101,0
2717,1044,819,117,7,100,1
2718,1043,821,121,5,96,0
2719,1044,818,122,6,97,1
2720,1043,819,120,6,97,1
2721,1042,816,121,7,97,1
2722,1043,812,126,7,97,1
2723,1045,811,125,8,98,3
2724,1044,816,124,7,97,0
2725,1046,815,124,7,97,3
2726,1046,816,123,8,98,1
2727,1044,815,122,8,99,0
2728,1044,813,122,7,101,1
2729,1045,816,121,8,99,1
2730,1046,811,124,7,103,1
2731,1049,812,127,6,101,3
2732,1050,816,126,6,100,2
2733,1052,821,126,6,97,2
2734,1053,821,125,7,99,1
2735,1055,825,125,5,98,2
2736,1055,829,123,5,97,1
2737,1055,828,126,5,96,0
2738,1056,828,123,6,98,1
2739,1056,828,123,7,98,0
2740,1056,829,120,10,97,0
2741,1056,826,117,12,101,0
2742,1057,826,118,13,99,1
2743,1056,822,115,17,101,1
2744,1058,825,115,17,99,2
2745,1059,822,116,17,103,1
2746,1057,824,114,17,100,2
2747,1057,827,115,14,100,1
2748,1057,827,116,14,100,0
2749,1057,828,114,16,98,1
2750,1057,826,116,16,99,0
2751,1059,826,115,15,101,2
2752,1059,829,115,15,100,0
2753,1060,827,115,15,101,2
2754,1061,829,115,15,100,2
2755,1059,834,114,12,99,0
2756,1056,832,113,12,99,0
2757,1058,824,114,12,105,3
2758,1057,829,112,15,101,0
2759,1056,826,114,15,101,0
2760,1055,830,112,14,99,0
2761,1053,822,114,14,103,0
2762,1054,826,113,12,101,2
2763,1055,827,113,11,103,1
2764,1056,834,110,11,100,1
2765,1056,827,113,11,105,0
2766,1054,827,114,9,104,0
2767,1056,826,115,8,105,2
2768,1056,827,113,8,107,1
2769,1058,826,113,8,109,2
2770,1057,826,112,7,111,1
2771,1058,826,107,10,114,1
2772,1057,828,106,10,112,1
2773,1057,830,106,10,111,0
2774,1057,830,107,11,109,0
2775,1058,826,109,11,111,1
2776,1058,833,104,11,110,0
2777,1059,837,101,10,110,1
2778,1059,837,102,10,110,0
2779,1062,835,101,11,111,4
2780,1062,835,103,10,113,1
2781,1063,829,109,10,112,3
2782,1062,833,107,7,115,0
2783,1063,838,108,4,112,1
2784,1064,838,108,5,112,1
2785,1064,838,109,5,112,0
2786,1066,843,107,7,107,2
2787,1066,846,108,8,104,0
2788,1066,840,110,9,106,1
2789,1068,844,108,11,103,2
2790,1068,842,109,11,105,1
2791,1070,844,109,10,105,2
2792,1071,844,108,11,107,1
2793,1073,843,110,14,104,2
2794,1073,839,109,18,105,2
2795,1074,850,104,17,102,1
2796,1076,848,107,17,102,2
2797,1076,851,106,16,102,1
2798,1075,846,105,16,107,1
2799,1075,844,105,16,109,1
2800,1081,849,106,12,108,6
2801,1080,847,106,13,114,0
2802,1081,842,109,13,116,1
2803,1082,841,112,11,117,1
2804,1082,843,114,11,114,0
2805,1084,846,116,10,110,2
2806,1083,845,116,10,111,1
2807,1082,848,115,11,108,0
2808,1081,845,112,13,110,1
2809,1082,849,112,12,108,1
2810,1083,850,111,11,109,2
2811,1084,856,110,9,108,1
2812,1085,859,110,6,108,2
2813,1084,860,108,7,109,0
2814,1084,856,110,8,110,0
2815,1086,850,111,10,113,2
2816,1087,855,111,9,111,1
2817,1086,853,115,8,110,0
2818,1087,853,114,10,109,1
2819,1088,853,118,9,107,1
2820,1088,855,115,11,106,1
2821,1087,853,115,11,108,0
2822,1086,846,120,11,108,1
2823,1085,845,120,11,108,1
2824,1088,847,121,12,105,3
2825,1088,851,121,12,103,1
2826,1090,848,125,11,103,3
2827,1090,850,123,12,105,0
2828,1092,848,123,13,106,2
2829,1092,848,123,12,109,0
2830,1094,848,126,10,108,2
2831,1093,849,127,8,109,0
2832,1094,850,129,9,104,2
2833,1094,849,128,9,107,1
2834,1095,849,128,8,109,1
2835,1095,849,129,6,110,1
2836,1093,847,130,5,111,0
2837,1095,846,131,6,110,2
2838,1095,847,130,7,111,0
2839,1097,846,129,9,111,2
2840,1096,845,128,11,112,0
2841,1097,849,125,11,111,1
2842,1099,855,124,10,108,2
2843,1100,860,122,10,107,1
2844,1101,861,122,10,106,2
2845,1101,859,122,12,106,2
2846,1102,863,122,13,102,2
2847,1104,866,121,12,102,3
2848,1103,866,121,12,104,0
2849,1102,867,121,11,103,0
2850,1105,866,123,11,101,4
2851,1107,872,123,11,99,2
2852,1109,876,125,8,98,2
2853,1108,877,126,5,100,0
2854,1109,877,123,7,101,1
2855,1110,880,121,8,100,1
2856,1112,878,121,10,101,2
2857,1113,886,121,8,97,1
2858,1113,882,122,10,99,0
2859,1113,882,119,11,100,1
2860,1114,881,120,12,100,1
2861,1114,873,123,14,103,1
2862,1117,869,127,13,105,3
2863,1118,878,125,11,103,1
2864,1118,877,130,11,100,0
2865,1122,875,129,11,103,4
2866,1121,877,129,12,103,0
2867,1121,873,132,13,102,1
2868,1121,873,133,12,103,0
2869,1120,877,134,10,98,1
2870,1124,875,136,9,100,4
2871,1124,875,135,8,105,1
2872,1124,877,131,10,105,1
2873,1123,879,129,12,103,0
2874,1123,874,132,10,105,2
2875,1122,874,132,10,104,2
2876,1122,876,132,11,103,0
2877,1122,876,133,10,103,0
2878,1125,876,133,9,104,3
2879,1124,877,132,8,107,0
2880,1123,876,133,8,106,0
2881,1125,874,133,10,106,2
2882,1126,873,138,9,105,1
2883,1125,875,136,9,103,2
2884,1127,875,137,9,103,3
2885,1127,881,136,11,99,0
2886,1128,881,134,10,102,1
2887,1128,875,142,9,102,0
2888,1127,875,139,11,101,1
2889,1126,871,135,14,106,0
2890,1126,867,134,17,108,0
2891,1125,862,136,17,109,1
2892,1124,858,138,16,111,1
2893,1124,862,138,15,108,1
2894,1126,867,136,14,107,2
2895,1124,868,137,12,106,1
2896,1124,867,138,13,104,2
2897,1125,865,141,11,106,2
2898,1125,867,141,11,106,0
2899,1123,863,142,10,108,0
2900,1123,865,140,10,107,1
2901,1125,871,138,10,104,2
2902,1124,874,134,12,104,0
2903,1125,875,133,14,101,2
2904,1124,874,137,14,99,0
2905,1123,871,139,11,101,1
2906,1125,871,142,10,100,2
2907,1126,880,139,7,99,1
2908,1129,884,137,7,97,4
2909,1129,887,136,6,100,0
2910,1130,890,135,6,98,1
2911,1132,888,140,5,96,3
2912,1132,889,138,7,97,1
2913,1135,887,136,11,97,4
2914,1136,889,138,12,96,1
2915,1139,891,140,10,95,3
2916,1142,897,139,9,94,3
2917,1143,902,139,9,92,1
2918,1144,906,140,5,92,1
2919,1147,907,142,4,91,3
2920,1145,907,144,5,89,0
2921,1149,907,142,7,89,4
2922,1150,903,147,9,90,1
2923,1152,899,146,10,95,2
2924,1153,902,145,11,94,1
2925,1155,903,147,12,91,2
2926,1156,904,146,14,90,2
2927,1157,906,142,15,92,2
2928,1156,903,141,17,94,1
2929,1156,906,137,20,93,0
2930,1157,909,137,16,94,1
2931,1158,904,140,17,95,2
2932,1158,902,145,16,94,1
2933,1158,899,145,19,95,0
2934,1160,895,145,18,98,4
2935,1159,896,145,20,98,0
2936,1161,897,145,20,97,2
2937,1161,892,148,20,100,1
2938,1160,890,150,17,102,1
2939,1161,897,150,13,100,1
2940,1161,897,150,13,100,1
2941,1161,897,149,12,102,1
2942,1163,893,149,12,107,2
2943,1164,899,151,10,103,1
2944,1164,900,148,11,103,2
2945,1164,900,152,10,101,1
2946,1163,902,152,10,99,0
2947,1163,901,149,11,102,0
2948,1164,900,148,11,104,1
2949,1163,897,150,12,103,1
2950,1162,894,154,11,102,1
2951,1161,892,152,12,104,1
2952,1161,887,153,12,107,2
2953,1160,886,155,11,106,2
2954,1159,881,160,8,109,1
2955,1159,882,159,8,110,0
2956,1159,881,160,10,107,1
2957,1160,880,160,11,107,2
2958,1159,875,161,12,111,0
2959,1159,875,158,15,110,1
2960,1160,874,157,16,111,2
2961,1158,874,156,15,113,0
2962,1158,875,153,17,111,2
2963,1156,873,155,15,112,1
2964,1154,868,157,15,114,0
2965,1153,869,156,13,114,1
2966,1151,871,152,15,112,1
2967,1149,869,151,18,111,0
2968,1147,874,152,16,105,0
2969,1145,877,152,11,105,0
2970,1147,874,156,11,104,2
2971,1144,871,156,12,104,1
2972,1142,877,148,14,103,0
2973,1143,874,150,14,104,1
2974,1145,872,151,16,103,3
2975,1147,877,149,16,102,3
2976,1146,879,147,16,103,1
2977,1148,878,147,17,104,2
2978,1151,878,149,15,105,4
2979,1151,881,150,13,106,1
2980,1150,880,152,13,104,1
2981,1151,878,155,11,106,1
2982,1153,880,157,10,103,3
2983,1156,884,157,11,101,3
2984,1154,883,160,11,100,0
2985,1155,889,158,12,95,1
2986,1156,890,155,14,95,2
2987,1156,893,154,16,93,0
2988,1156,893,152,17,94,0
2989,1159,892,153,16,95,3
2990,1160,897,153,15,94,1
2991,1162,898,153,14,95,2
2992,1163,899,155,13,94,2
2993,1163,900,158,12,93,0
2994,1162,901,155,11,95,0
2995,1164,901,153,11,97,2
2996,1164,905,149,13,96,1
2997,1165,906,148,13,97,1
2998,1168,899,147,18,101,3
2999,1167,901,147,16,103,0
